ID,名称,等级,攻击,生命,攻速
ID,string,number,number,number,number
id,name,lv,ap,hp,as
,,,,,
25001,铁剑,1,150,0,6
25001,铁剑,2,165,0,6
25001,铁剑,3,180,0,6
25001,铁剑,4,195,0,6
25001,铁剑,5,210,0,6
25001,铁剑,6,225,0,6
25001,铁剑,7,240,0,6
25001,铁剑,8,255,0,6
25001,铁剑,9,270,0,6
25001,铁剑,10,285,0,6
25001,铁剑,11,301,0,6
25001,铁剑,12,317,0,6
25001,铁剑,13,333,0,6
25001,铁剑,14,349,0,6
25001,铁剑,15,365,0,6
25001,铁剑,16,381,0,6
25001,铁剑,17,397,0,6
25001,铁剑,18,413,0,6
25001,铁剑,19,429,0,6
25001,铁剑,20,445,0,6
25001,铁剑,21,463,0,6
25001,铁剑,22,481,0,6
25001,铁剑,23,499,0,6
25001,铁剑,24,517,0,6
25001,铁剑,25,535,0,6
25001,铁剑,26,553,0,6
25001,铁剑,27,571,0,6
25001,铁剑,28,589,0,6
25001,铁剑,29,607,0,6
25001,铁剑,30,625,0,6
25001,铁剑,31,644,0,6
25001,铁剑,32,663,0,6
25001,铁剑,33,682,0,6
25001,铁剑,34,701,0,6
25001,铁剑,35,720,0,6
25001,铁剑,36,739,0,6
25001,铁剑,37,758,0,6
25001,铁剑,38,777,0,6
25001,铁剑,39,796,0,6
25001,铁剑,40,815,0,6
25001,铁剑,41,836,0,6
25001,铁剑,42,857,0,6
25001,铁剑,43,878,0,6
25001,铁剑,44,899,0,6
25001,铁剑,45,920,0,6
25001,铁剑,46,941,0,6
25001,铁剑,47,962,0,6
25001,铁剑,48,983,0,6
25001,铁剑,49,1004,0,6
25001,铁剑,50,1025,0,6
25001,铁剑,51,1047,0,6
25001,铁剑,52,1069,0,6
25001,铁剑,53,1091,0,6
25001,铁剑,54,1113,0,6
25001,铁剑,55,1135,0,6
25001,铁剑,56,1157,0,6
25001,铁剑,57,1179,0,6
25001,铁剑,58,1201,0,6
25001,铁剑,59,1223,0,6
25001,铁剑,60,1245,0,6
25001,铁剑,61,1269,0,6
25001,铁剑,62,1293,0,6
25001,铁剑,63,1317,0,6
25001,铁剑,64,1341,0,6
25001,铁剑,65,1365,0,6
25001,铁剑,66,1389,0,6
25001,铁剑,67,1413,0,6
25001,铁剑,68,1437,0,6
25001,铁剑,69,1461,0,6
25001,铁剑,70,1485,0,6
25001,铁剑,71,1510,0,6
25001,铁剑,72,1535,0,6
25001,铁剑,73,1560,0,6
25001,铁剑,74,1585,0,6
25001,铁剑,75,1610,0,6
25001,铁剑,76,1635,0,6
25001,铁剑,77,1660,0,6
25001,铁剑,78,1685,0,6
25001,铁剑,79,1710,0,6
25001,铁剑,80,1735,0,6
25001,铁剑,81,1762,0,6
25001,铁剑,82,1789,0,6
25001,铁剑,83,1816,0,6
25001,铁剑,84,1843,0,6
25001,铁剑,85,1870,0,6
25001,铁剑,86,1897,0,6
25001,铁剑,87,1924,0,6
25001,铁剑,88,1951,0,6
25001,铁剑,89,1978,0,6
25001,铁剑,90,2005,0,6
25001,铁剑,91,2033,0,6
25001,铁剑,92,2061,0,6
25001,铁剑,93,2089,0,6
25001,铁剑,94,2117,0,6
25001,铁剑,95,2145,0,6
25001,铁剑,96,2173,0,6
25001,铁剑,97,2201,0,6
25001,铁剑,98,2229,0,6
25001,铁剑,99,2257,0,6
25001,铁剑,100,2285,0,6
25001,铁剑,101,2315,0,6
25001,铁剑,102,2345,0,6
25001,铁剑,103,2375,0,6
25001,铁剑,104,2405,0,6
25001,铁剑,105,2435,0,6
25001,铁剑,106,2465,0,6
25001,铁剑,107,2495,0,6
25001,铁剑,108,2525,0,6
25001,铁剑,109,2555,0,6
25001,铁剑,110,2585,0,6
25001,铁剑,111,2616,0,6
25001,铁剑,112,2647,0,6
25001,铁剑,113,2678,0,6
25001,铁剑,114,2709,0,6
25001,铁剑,115,2740,0,6
25001,铁剑,116,2771,0,6
25001,铁剑,117,2802,0,6
25001,铁剑,118,2833,0,6
25001,铁剑,119,2864,0,6
25001,铁剑,120,2895,0,6
25002,虎闪刀,1,300,0,6
25002,虎闪刀,2,330,0,6
25002,虎闪刀,3,360,0,6
25002,虎闪刀,4,390,0,6
25002,虎闪刀,5,420,0,6
25002,虎闪刀,6,450,0,6
25002,虎闪刀,7,480,0,6
25002,虎闪刀,8,510,0,6
25002,虎闪刀,9,540,0,6
25002,虎闪刀,10,570,0,6
25002,虎闪刀,11,603,0,6
25002,虎闪刀,12,636,0,6
25002,虎闪刀,13,669,0,6
25002,虎闪刀,14,702,0,6
25002,虎闪刀,15,735,0,6
25002,虎闪刀,16,768,0,6
25002,虎闪刀,17,801,0,6
25002,虎闪刀,18,834,0,6
25002,虎闪刀,19,867,0,6
25002,虎闪刀,20,900,0,6
25002,虎闪刀,21,936,0,6
25002,虎闪刀,22,972,0,6
25002,虎闪刀,23,1008,0,6
25002,虎闪刀,24,1044,0,6
25002,虎闪刀,25,1080,0,6
25002,虎闪刀,26,1116,0,6
25002,虎闪刀,27,1152,0,6
25002,虎闪刀,28,1188,0,6
25002,虎闪刀,29,1224,0,6
25002,虎闪刀,30,1260,0,6
25002,虎闪刀,31,1299,0,6
25002,虎闪刀,32,1338,0,6
25002,虎闪刀,33,1377,0,6
25002,虎闪刀,34,1416,0,6
25002,虎闪刀,35,1455,0,6
25002,虎闪刀,36,1494,0,6
25002,虎闪刀,37,1533,0,6
25002,虎闪刀,38,1572,0,6
25002,虎闪刀,39,1611,0,6
25002,虎闪刀,40,1650,0,6
25002,虎闪刀,41,1692,0,6
25002,虎闪刀,42,1734,0,6
25002,虎闪刀,43,1776,0,6
25002,虎闪刀,44,1818,0,6
25002,虎闪刀,45,1860,0,6
25002,虎闪刀,46,1902,0,6
25002,虎闪刀,47,1944,0,6
25002,虎闪刀,48,1986,0,6
25002,虎闪刀,49,2028,0,6
25002,虎闪刀,50,2070,0,6
25002,虎闪刀,51,2115,0,6
25002,虎闪刀,52,2160,0,6
25002,虎闪刀,53,2205,0,6
25002,虎闪刀,54,2250,0,6
25002,虎闪刀,55,2295,0,6
25002,虎闪刀,56,2340,0,6
25002,虎闪刀,57,2385,0,6
25002,虎闪刀,58,2430,0,6
25002,虎闪刀,59,2475,0,6
25002,虎闪刀,60,2520,0,6
25002,虎闪刀,61,2568,0,6
25002,虎闪刀,62,2616,0,6
25002,虎闪刀,63,2664,0,6
25002,虎闪刀,64,2712,0,6
25002,虎闪刀,65,2760,0,6
25002,虎闪刀,66,2808,0,6
25002,虎闪刀,67,2856,0,6
25002,虎闪刀,68,2904,0,6
25002,虎闪刀,69,2952,0,6
25002,虎闪刀,70,3000,0,6
25002,虎闪刀,71,3051,0,6
25002,虎闪刀,72,3102,0,6
25002,虎闪刀,73,3153,0,6
25002,虎闪刀,74,3204,0,6
25002,虎闪刀,75,3255,0,6
25002,虎闪刀,76,3306,0,6
25002,虎闪刀,77,3357,0,6
25002,虎闪刀,78,3408,0,6
25002,虎闪刀,79,3459,0,6
25002,虎闪刀,80,3510,0,6
25002,虎闪刀,81,3564,0,6
25002,虎闪刀,82,3618,0,6
25002,虎闪刀,83,3672,0,6
25002,虎闪刀,84,3726,0,6
25002,虎闪刀,85,3780,0,6
25002,虎闪刀,86,3834,0,6
25002,虎闪刀,87,3888,0,6
25002,虎闪刀,88,3942,0,6
25002,虎闪刀,89,3996,0,6
25002,虎闪刀,90,4050,0,6
25002,虎闪刀,91,4107,0,6
25002,虎闪刀,92,4164,0,6
25002,虎闪刀,93,4221,0,6
25002,虎闪刀,94,4278,0,6
25002,虎闪刀,95,4335,0,6
25002,虎闪刀,96,4392,0,6
25002,虎闪刀,97,4449,0,6
25002,虎闪刀,98,4506,0,6
25002,虎闪刀,99,4563,0,6
25002,虎闪刀,100,4620,0,6
25002,虎闪刀,101,4680,0,6
25002,虎闪刀,102,4740,0,6
25002,虎闪刀,103,4800,0,6
25002,虎闪刀,104,4860,0,6
25002,虎闪刀,105,4920,0,6
25002,虎闪刀,106,4980,0,6
25002,虎闪刀,107,5040,0,6
25002,虎闪刀,108,5100,0,6
25002,虎闪刀,109,5160,0,6
25002,虎闪刀,110,5220,0,6
25002,虎闪刀,111,5283,0,6
25002,虎闪刀,112,5346,0,6
25002,虎闪刀,113,5409,0,6
25002,虎闪刀,114,5472,0,6
25002,虎闪刀,115,5535,0,6
25002,虎闪刀,116,5598,0,6
25002,虎闪刀,117,5661,0,6
25002,虎闪刀,118,5724,0,6
25002,虎闪刀,119,5787,0,6
25002,虎闪刀,120,5850,0,6
25003,灭天锤,1,600,0,6
25003,灭天锤,2,660,0,6
25003,灭天锤,3,720,0,6
25003,灭天锤,4,780,0,6
25003,灭天锤,5,840,0,6
25003,灭天锤,6,900,0,6
25003,灭天锤,7,960,0,6
25003,灭天锤,8,1020,0,6
25003,灭天锤,9,1080,0,6
25003,灭天锤,10,1140,0,6
25003,灭天锤,11,1206,0,6
25003,灭天锤,12,1272,0,6
25003,灭天锤,13,1338,0,6
25003,灭天锤,14,1404,0,6
25003,灭天锤,15,1470,0,6
25003,灭天锤,16,1536,0,6
25003,灭天锤,17,1602,0,6
25003,灭天锤,18,1668,0,6
25003,灭天锤,19,1734,0,6
25003,灭天锤,20,1800,0,6
25003,灭天锤,21,1872,0,6
25003,灭天锤,22,1944,0,6
25003,灭天锤,23,2016,0,6
25003,灭天锤,24,2088,0,6
25003,灭天锤,25,2160,0,6
25003,灭天锤,26,2232,0,6
25003,灭天锤,27,2304,0,6
25003,灭天锤,28,2376,0,6
25003,灭天锤,29,2448,0,6
25003,灭天锤,30,2520,0,6
25003,灭天锤,31,2598,0,6
25003,灭天锤,32,2676,0,6
25003,灭天锤,33,2754,0,6
25003,灭天锤,34,2832,0,6
25003,灭天锤,35,2910,0,6
25003,灭天锤,36,2988,0,6
25003,灭天锤,37,3066,0,6
25003,灭天锤,38,3144,0,6
25003,灭天锤,39,3222,0,6
25003,灭天锤,40,3300,0,6
25003,灭天锤,41,3384,0,6
25003,灭天锤,42,3468,0,6
25003,灭天锤,43,3552,0,6
25003,灭天锤,44,3636,0,6
25003,灭天锤,45,3720,0,6
25003,灭天锤,46,3804,0,6
25003,灭天锤,47,3888,0,6
25003,灭天锤,48,3972,0,6
25003,灭天锤,49,4056,0,6
25003,灭天锤,50,4140,0,6
25003,灭天锤,51,4230,0,6
25003,灭天锤,52,4320,0,6
25003,灭天锤,53,4410,0,6
25003,灭天锤,54,4500,0,6
25003,灭天锤,55,4590,0,6
25003,灭天锤,56,4680,0,6
25003,灭天锤,57,4770,0,6
25003,灭天锤,58,4860,0,6
25003,灭天锤,59,4950,0,6
25003,灭天锤,60,5040,0,6
25003,灭天锤,61,5136,0,6
25003,灭天锤,62,5232,0,6
25003,灭天锤,63,5328,0,6
25003,灭天锤,64,5424,0,6
25003,灭天锤,65,5520,0,6
25003,灭天锤,66,5616,0,6
25003,灭天锤,67,5712,0,6
25003,灭天锤,68,5808,0,6
25003,灭天锤,69,5904,0,6
25003,灭天锤,70,6000,0,6
25003,灭天锤,71,6102,0,6
25003,灭天锤,72,6204,0,6
25003,灭天锤,73,6306,0,6
25003,灭天锤,74,6408,0,6
25003,灭天锤,75,6510,0,6
25003,灭天锤,76,6612,0,6
25003,灭天锤,77,6714,0,6
25003,灭天锤,78,6816,0,6
25003,灭天锤,79,6918,0,6
25003,灭天锤,80,7020,0,6
25003,灭天锤,81,7128,0,6
25003,灭天锤,82,7236,0,6
25003,灭天锤,83,7344,0,6
25003,灭天锤,84,7452,0,6
25003,灭天锤,85,7560,0,6
25003,灭天锤,86,7668,0,6
25003,灭天锤,87,7776,0,6
25003,灭天锤,88,7884,0,6
25003,灭天锤,89,7992,0,6
25003,灭天锤,90,8100,0,6
25003,灭天锤,91,8214,0,6
25003,灭天锤,92,8328,0,6
25003,灭天锤,93,8442,0,6
25003,灭天锤,94,8556,0,6
25003,灭天锤,95,8670,0,6
25003,灭天锤,96,8784,0,6
25003,灭天锤,97,8898,0,6
25003,灭天锤,98,9012,0,6
25003,灭天锤,99,9126,0,6
25003,灭天锤,100,9240,0,6
25003,灭天锤,101,9360,0,6
25003,灭天锤,102,9480,0,6
25003,灭天锤,103,9600,0,6
25003,灭天锤,104,9720,0,6
25003,灭天锤,105,9840,0,6
25003,灭天锤,106,9960,0,6
25003,灭天锤,107,10080,0,6
25003,灭天锤,108,10200,0,6
25003,灭天锤,109,10320,0,6
25003,灭天锤,110,10440,0,6
25003,灭天锤,111,10566,0,6
25003,灭天锤,112,10692,0,6
25003,灭天锤,113,10818,0,6
25003,灭天锤,114,10944,0,6
25003,灭天锤,115,11070,0,6
25003,灭天锤,116,11196,0,6
25003,灭天锤,117,11322,0,6
25003,灭天锤,118,11448,0,6
25003,灭天锤,119,11574,0,6
25003,灭天锤,120,11700,0,6
25004,爆雷方天戟,1,1250,0,6
25004,爆雷方天戟,2,1375,0,6
25004,爆雷方天戟,3,1500,0,6
25004,爆雷方天戟,4,1625,0,6
25004,爆雷方天戟,5,1750,0,6
25004,爆雷方天戟,6,1875,0,6
25004,爆雷方天戟,7,2000,0,6
25004,爆雷方天戟,8,2125,0,6
25004,爆雷方天戟,9,2250,0,6
25004,爆雷方天戟,10,2375,0,6
25004,爆雷方天戟,11,2512,0,6
25004,爆雷方天戟,12,2649,0,6
25004,爆雷方天戟,13,2786,0,6
25004,爆雷方天戟,14,2923,0,6
25004,爆雷方天戟,15,3060,0,6
25004,爆雷方天戟,16,3197,0,6
25004,爆雷方天戟,17,3334,0,6
25004,爆雷方天戟,18,3471,0,6
25004,爆雷方天戟,19,3608,0,6
25004,爆雷方天戟,20,3745,0,6
25004,爆雷方天戟,21,3895,0,6
25004,爆雷方天戟,22,4045,0,6
25004,爆雷方天戟,23,4195,0,6
25004,爆雷方天戟,24,4345,0,6
25004,爆雷方天戟,25,4495,0,6
25004,爆雷方天戟,26,4645,0,6
25004,爆雷方天戟,27,4795,0,6
25004,爆雷方天戟,28,4945,0,6
25004,爆雷方天戟,29,5095,0,6
25004,爆雷方天戟,30,5245,0,6
25004,爆雷方天戟,31,5407,0,6
25004,爆雷方天戟,32,5569,0,6
25004,爆雷方天戟,33,5731,0,6
25004,爆雷方天戟,34,5893,0,6
25004,爆雷方天戟,35,6055,0,6
25004,爆雷方天戟,36,6217,0,6
25004,爆雷方天戟,37,6379,0,6
25004,爆雷方天戟,38,6541,0,6
25004,爆雷方天戟,39,6703,0,6
25004,爆雷方天戟,40,6865,0,6
25004,爆雷方天戟,41,7040,0,6
25004,爆雷方天戟,42,7215,0,6
25004,爆雷方天戟,43,7390,0,6
25004,爆雷方天戟,44,7565,0,6
25004,爆雷方天戟,45,7740,0,6
25004,爆雷方天戟,46,7915,0,6
25004,爆雷方天戟,47,8090,0,6
25004,爆雷方天戟,48,8265,0,6
25004,爆雷方天戟,49,8440,0,6
25004,爆雷方天戟,50,8615,0,6
25004,爆雷方天戟,51,8802,0,6
25004,爆雷方天戟,52,8989,0,6
25004,爆雷方天戟,53,9176,0,6
25004,爆雷方天戟,54,9363,0,6
25004,爆雷方天戟,55,9550,0,6
25004,爆雷方天戟,56,9737,0,6
25004,爆雷方天戟,57,9924,0,6
25004,爆雷方天戟,58,10111,0,6
25004,爆雷方天戟,59,10298,0,6
25004,爆雷方天戟,60,10485,0,6
25004,爆雷方天戟,61,10685,0,6
25004,爆雷方天戟,62,10885,0,6
25004,爆雷方天戟,63,11085,0,6
25004,爆雷方天戟,64,11285,0,6
25004,爆雷方天戟,65,11485,0,6
25004,爆雷方天戟,66,11685,0,6
25004,爆雷方天戟,67,11885,0,6
25004,爆雷方天戟,68,12085,0,6
25004,爆雷方天戟,69,12285,0,6
25004,爆雷方天戟,70,12485,0,6
25004,爆雷方天戟,71,12697,0,6
25004,爆雷方天戟,72,12909,0,6
25004,爆雷方天戟,73,13121,0,6
25004,爆雷方天戟,74,13333,0,6
25004,爆雷方天戟,75,13545,0,6
25004,爆雷方天戟,76,13757,0,6
25004,爆雷方天戟,77,13969,0,6
25004,爆雷方天戟,78,14181,0,6
25004,爆雷方天戟,79,14393,0,6
25004,爆雷方天戟,80,14605,0,6
25004,爆雷方天戟,81,14830,0,6
25004,爆雷方天戟,82,15055,0,6
25004,爆雷方天戟,83,15280,0,6
25004,爆雷方天戟,84,15505,0,6
25004,爆雷方天戟,85,15730,0,6
25004,爆雷方天戟,86,15955,0,6
25004,爆雷方天戟,87,16180,0,6
25004,爆雷方天戟,88,16405,0,6
25004,爆雷方天戟,89,16630,0,6
25004,爆雷方天戟,90,16855,0,6
25004,爆雷方天戟,91,17092,0,6
25004,爆雷方天戟,92,17329,0,6
25004,爆雷方天戟,93,17566,0,6
25004,爆雷方天戟,94,17803,0,6
25004,爆雷方天戟,95,18040,0,6
25004,爆雷方天戟,96,18277,0,6
25004,爆雷方天戟,97,18514,0,6
25004,爆雷方天戟,98,18751,0,6
25004,爆雷方天戟,99,18988,0,6
25004,爆雷方天戟,100,19225,0,6
25004,爆雷方天戟,101,19475,0,6
25004,爆雷方天戟,102,19725,0,6
25004,爆雷方天戟,103,19975,0,6
25004,爆雷方天戟,104,20225,0,6
25004,爆雷方天戟,105,20475,0,6
25004,爆雷方天戟,106,20725,0,6
25004,爆雷方天戟,107,20975,0,6
25004,爆雷方天戟,108,21225,0,6
25004,爆雷方天戟,109,21475,0,6
25004,爆雷方天戟,110,21725,0,6
25004,爆雷方天戟,111,21987,0,6
25004,爆雷方天戟,112,22249,0,6
25004,爆雷方天戟,113,22511,0,6
25004,爆雷方天戟,114,22773,0,6
25004,爆雷方天戟,115,23035,0,6
25004,爆雷方天戟,116,23297,0,6
25004,爆雷方天戟,117,23559,0,6
25004,爆雷方天戟,118,23821,0,6
25004,爆雷方天戟,119,24083,0,6
25004,爆雷方天戟,120,24345,0,6
25005,追星赶月斧,1,2250,0,6
25005,追星赶月斧,2,2475,0,6
25005,追星赶月斧,3,2700,0,6
25005,追星赶月斧,4,2925,0,6
25005,追星赶月斧,5,3150,0,6
25005,追星赶月斧,6,3375,0,6
25005,追星赶月斧,7,3600,0,6
25005,追星赶月斧,8,3825,0,6
25005,追星赶月斧,9,4050,0,6
25005,追星赶月斧,10,4275,0,6
25005,追星赶月斧,11,4522,0,6
25005,追星赶月斧,12,4769,0,6
25005,追星赶月斧,13,5016,0,6
25005,追星赶月斧,14,5263,0,6
25005,追星赶月斧,15,5510,0,6
25005,追星赶月斧,16,5757,0,6
25005,追星赶月斧,17,6004,0,6
25005,追星赶月斧,18,6251,0,6
25005,追星赶月斧,19,6498,0,6
25005,追星赶月斧,20,6745,0,6
25005,追星赶月斧,21,7015,0,6
25005,追星赶月斧,22,7285,0,6
25005,追星赶月斧,23,7555,0,6
25005,追星赶月斧,24,7825,0,6
25005,追星赶月斧,25,8095,0,6
25005,追星赶月斧,26,8365,0,6
25005,追星赶月斧,27,8635,0,6
25005,追星赶月斧,28,8905,0,6
25005,追星赶月斧,29,9175,0,6
25005,追星赶月斧,30,9445,0,6
25005,追星赶月斧,31,9737,0,6
25005,追星赶月斧,32,10029,0,6
25005,追星赶月斧,33,10321,0,6
25005,追星赶月斧,34,10613,0,6
25005,追星赶月斧,35,10905,0,6
25005,追星赶月斧,36,11197,0,6
25005,追星赶月斧,37,11489,0,6
25005,追星赶月斧,38,11781,0,6
25005,追星赶月斧,39,12073,0,6
25005,追星赶月斧,40,12365,0,6
25005,追星赶月斧,41,12680,0,6
25005,追星赶月斧,42,12995,0,6
25005,追星赶月斧,43,13310,0,6
25005,追星赶月斧,44,13625,0,6
25005,追星赶月斧,45,13940,0,6
25005,追星赶月斧,46,14255,0,6
25005,追星赶月斧,47,14570,0,6
25005,追星赶月斧,48,14885,0,6
25005,追星赶月斧,49,15200,0,6
25005,追星赶月斧,50,15515,0,6
25005,追星赶月斧,51,15852,0,6
25005,追星赶月斧,52,16189,0,6
25005,追星赶月斧,53,16526,0,6
25005,追星赶月斧,54,16863,0,6
25005,追星赶月斧,55,17200,0,6
25005,追星赶月斧,56,17537,0,6
25005,追星赶月斧,57,17874,0,6
25005,追星赶月斧,58,18211,0,6
25005,追星赶月斧,59,18548,0,6
25005,追星赶月斧,60,18885,0,6
25005,追星赶月斧,61,19245,0,6
25005,追星赶月斧,62,19605,0,6
25005,追星赶月斧,63,19965,0,6
25005,追星赶月斧,64,20325,0,6
25005,追星赶月斧,65,20685,0,6
25005,追星赶月斧,66,21045,0,6
25005,追星赶月斧,67,21405,0,6
25005,追星赶月斧,68,21765,0,6
25005,追星赶月斧,69,22125,0,6
25005,追星赶月斧,70,22485,0,6
25005,追星赶月斧,71,22867,0,6
25005,追星赶月斧,72,23249,0,6
25005,追星赶月斧,73,23631,0,6
25005,追星赶月斧,74,24013,0,6
25005,追星赶月斧,75,24395,0,6
25005,追星赶月斧,76,24777,0,6
25005,追星赶月斧,77,25159,0,6
25005,追星赶月斧,78,25541,0,6
25005,追星赶月斧,79,25923,0,6
25005,追星赶月斧,80,26305,0,6
25005,追星赶月斧,81,26710,0,6
25005,追星赶月斧,82,27115,0,6
25005,追星赶月斧,83,27520,0,6
25005,追星赶月斧,84,27925,0,6
25005,追星赶月斧,85,28330,0,6
25005,追星赶月斧,86,28735,0,6
25005,追星赶月斧,87,29140,0,6
25005,追星赶月斧,88,29545,0,6
25005,追星赶月斧,89,29950,0,6
25005,追星赶月斧,90,30355,0,6
25005,追星赶月斧,91,30782,0,6
25005,追星赶月斧,92,31209,0,6
25005,追星赶月斧,93,31636,0,6
25005,追星赶月斧,94,32063,0,6
25005,追星赶月斧,95,32490,0,6
25005,追星赶月斧,96,32917,0,6
25005,追星赶月斧,97,33344,0,6
25005,追星赶月斧,98,33771,0,6
25005,追星赶月斧,99,34198,0,6
25005,追星赶月斧,100,34625,0,6
25005,追星赶月斧,101,35075,0,6
25005,追星赶月斧,102,35525,0,6
25005,追星赶月斧,103,35975,0,6
25005,追星赶月斧,104,36425,0,6
25005,追星赶月斧,105,36875,0,6
25005,追星赶月斧,106,37325,0,6
25005,追星赶月斧,107,37775,0,6
25005,追星赶月斧,108,38225,0,6
25005,追星赶月斧,109,38675,0,6
25005,追星赶月斧,110,39125,0,6
25005,追星赶月斧,111,39597,0,6
25005,追星赶月斧,112,40069,0,6
25005,追星赶月斧,113,40541,0,6
25005,追星赶月斧,114,41013,0,6
25005,追星赶月斧,115,41485,0,6
25005,追星赶月斧,116,41957,0,6
25005,追星赶月斧,117,42429,0,6
25005,追星赶月斧,118,42901,0,6
25005,追星赶月斧,119,43373,0,6
25005,追星赶月斧,120,43845,0,6
25010,铁头盔,1,60,160,20
25010,铁头盔,2,66,240,20
25010,铁头盔,3,72,320,20
25010,铁头盔,4,78,400,20
25010,铁头盔,5,84,480,20
25010,铁头盔,6,90,560,20
25010,铁头盔,7,96,640,20
25010,铁头盔,8,102,720,20
25010,铁头盔,9,108,800,20
25010,铁头盔,10,114,880,20
25010,铁头盔,11,120,968,20
25010,铁头盔,12,126,1056,20
25010,铁头盔,13,132,1144,20
25010,铁头盔,14,138,1232,20
25010,铁头盔,15,144,1320,20
25010,铁头盔,16,150,1408,20
25010,铁头盔,17,156,1496,20
25010,铁头盔,18,162,1584,20
25010,铁头盔,19,168,1672,20
25010,铁头盔,20,174,1760,20
25010,铁头盔,21,181,1856,20
25010,铁头盔,22,188,1952,20
25010,铁头盔,23,195,2048,20
25010,铁头盔,24,202,2144,20
25010,铁头盔,25,209,2240,20
25010,铁头盔,26,216,2336,20
25010,铁头盔,27,223,2432,20
25010,铁头盔,28,230,2528,20
25010,铁头盔,29,237,2624,20
25010,铁头盔,30,244,2720,20
25010,铁头盔,31,251,2824,20
25010,铁头盔,32,258,2928,20
25010,铁头盔,33,265,3032,20
25010,铁头盔,34,272,3136,20
25010,铁头盔,35,279,3240,20
25010,铁头盔,36,286,3344,20
25010,铁头盔,37,293,3448,20
25010,铁头盔,38,300,3552,20
25010,铁头盔,39,307,3656,20
25010,铁头盔,40,314,3760,20
25010,铁头盔,41,322,3872,20
25010,铁头盔,42,330,3984,20
25010,铁头盔,43,338,4096,20
25010,铁头盔,44,346,4208,20
25010,铁头盔,45,354,4320,20
25010,铁头盔,46,362,4432,20
25010,铁头盔,47,370,4544,20
25010,铁头盔,48,378,4656,20
25010,铁头盔,49,386,4768,20
25010,铁头盔,50,394,4880,20
25010,铁头盔,51,403,5000,20
25010,铁头盔,52,412,5120,20
25010,铁头盔,53,421,5240,20
25010,铁头盔,54,430,5360,20
25010,铁头盔,55,439,5480,20
25010,铁头盔,56,448,5600,20
25010,铁头盔,57,457,5720,20
25010,铁头盔,58,466,5840,20
25010,铁头盔,59,475,5960,20
25010,铁头盔,60,484,6080,20
25010,铁头盔,61,493,6208,20
25010,铁头盔,62,502,6336,20
25010,铁头盔,63,511,6464,20
25010,铁头盔,64,520,6592,20
25010,铁头盔,65,529,6720,20
25010,铁头盔,66,538,6848,20
25010,铁头盔,67,547,6976,20
25010,铁头盔,68,556,7104,20
25010,铁头盔,69,565,7232,20
25010,铁头盔,70,574,7360,20
25010,铁头盔,71,584,7496,20
25010,铁头盔,72,594,7632,20
25010,铁头盔,73,604,7768,20
25010,铁头盔,74,614,7904,20
25010,铁头盔,75,624,8040,20
25010,铁头盔,76,634,8176,20
25010,铁头盔,77,644,8312,20
25010,铁头盔,78,654,8448,20
25010,铁头盔,79,664,8584,20
25010,铁头盔,80,674,8720,20
25010,铁头盔,81,684,8864,20
25010,铁头盔,82,694,9008,20
25010,铁头盔,83,704,9152,20
25010,铁头盔,84,714,9296,20
25010,铁头盔,85,724,9440,20
25010,铁头盔,86,734,9584,20
25010,铁头盔,87,744,9728,20
25010,铁头盔,88,754,9872,20
25010,铁头盔,89,764,10016,20
25010,铁头盔,90,774,10160,20
25010,铁头盔,91,785,10312,20
25010,铁头盔,92,796,10464,20
25010,铁头盔,93,807,10616,20
25010,铁头盔,94,818,10768,20
25010,铁头盔,95,829,10920,20
25010,铁头盔,96,840,11072,20
25010,铁头盔,97,851,11224,20
25010,铁头盔,98,862,11376,20
25010,铁头盔,99,873,11528,20
25010,铁头盔,100,884,11680,20
25010,铁头盔,101,896,11840,20
25010,铁头盔,102,908,12000,20
25010,铁头盔,103,920,12160,20
25010,铁头盔,104,932,12320,20
25010,铁头盔,105,944,12480,20
25010,铁头盔,106,956,12640,20
25010,铁头盔,107,968,12800,20
25010,铁头盔,108,980,12960,20
25010,铁头盔,109,992,13120,20
25010,铁头盔,110,1004,13280,20
25010,铁头盔,111,1016,13448,20
25010,铁头盔,112,1028,13616,20
25010,铁头盔,113,1040,13784,20
25010,铁头盔,114,1052,13952,20
25010,铁头盔,115,1064,14120,20
25010,铁头盔,116,1076,14288,20
25010,铁头盔,117,1088,14456,20
25010,铁头盔,118,1100,14624,20
25010,铁头盔,119,1112,14792,20
25010,铁头盔,120,1124,14960,20
25011,地狼头盔,1,120,360,20
25011,地狼头盔,2,132,540,20
25011,地狼头盔,3,144,720,20
25011,地狼头盔,4,156,900,20
25011,地狼头盔,5,168,1080,20
25011,地狼头盔,6,180,1260,20
25011,地狼头盔,7,192,1440,20
25011,地狼头盔,8,204,1620,20
25011,地狼头盔,9,216,1800,20
25011,地狼头盔,10,228,1980,20
25011,地狼头盔,11,241,2178,20
25011,地狼头盔,12,254,2376,20
25011,地狼头盔,13,267,2574,20
25011,地狼头盔,14,280,2772,20
25011,地狼头盔,15,293,2970,20
25011,地狼头盔,16,306,3168,20
25011,地狼头盔,17,319,3366,20
25011,地狼头盔,18,332,3564,20
25011,地狼头盔,19,345,3762,20
25011,地狼头盔,20,358,3960,20
25011,地狼头盔,21,372,4176,20
25011,地狼头盔,22,386,4392,20
25011,地狼头盔,23,400,4608,20
25011,地狼头盔,24,414,4824,20
25011,地狼头盔,25,428,5040,20
25011,地狼头盔,26,442,5256,20
25011,地狼头盔,27,456,5472,20
25011,地狼头盔,28,470,5688,20
25011,地狼头盔,29,484,5904,20
25011,地狼头盔,30,498,6120,20
25011,地狼头盔,31,513,6354,20
25011,地狼头盔,32,528,6588,20
25011,地狼头盔,33,543,6822,20
25011,地狼头盔,34,558,7056,20
25011,地狼头盔,35,573,7290,20
25011,地狼头盔,36,588,7524,20
25011,地狼头盔,37,603,7758,20
25011,地狼头盔,38,618,7992,20
25011,地狼头盔,39,633,8226,20
25011,地狼头盔,40,648,8460,20
25011,地狼头盔,41,664,8712,20
25011,地狼头盔,42,680,8964,20
25011,地狼头盔,43,696,9216,20
25011,地狼头盔,44,712,9468,20
25011,地狼头盔,45,728,9720,20
25011,地狼头盔,46,744,9972,20
25011,地狼头盔,47,760,10224,20
25011,地狼头盔,48,776,10476,20
25011,地狼头盔,49,792,10728,20
25011,地狼头盔,50,808,10980,20
25011,地狼头盔,51,826,11250,20
25011,地狼头盔,52,844,11520,20
25011,地狼头盔,53,862,11790,20
25011,地狼头盔,54,880,12060,20
25011,地狼头盔,55,898,12330,20
25011,地狼头盔,56,916,12600,20
25011,地狼头盔,57,934,12870,20
25011,地狼头盔,58,952,13140,20
25011,地狼头盔,59,970,13410,20
25011,地狼头盔,60,988,13680,20
25011,地狼头盔,61,1007,13968,20
25011,地狼头盔,62,1026,14256,20
25011,地狼头盔,63,1045,14544,20
25011,地狼头盔,64,1064,14832,20
25011,地狼头盔,65,1083,15120,20
25011,地狼头盔,66,1102,15408,20
25011,地狼头盔,67,1121,15696,20
25011,地狼头盔,68,1140,15984,20
25011,地狼头盔,69,1159,16272,20
25011,地狼头盔,70,1178,16560,20
25011,地狼头盔,71,1198,16866,20
25011,地狼头盔,72,1218,17172,20
25011,地狼头盔,73,1238,17478,20
25011,地狼头盔,74,1258,17784,20
25011,地狼头盔,75,1278,18090,20
25011,地狼头盔,76,1298,18396,20
25011,地狼头盔,77,1318,18702,20
25011,地狼头盔,78,1338,19008,20
25011,地狼头盔,79,1358,19314,20
25011,地狼头盔,80,1378,19620,20
25011,地狼头盔,81,1399,19944,20
25011,地狼头盔,82,1420,20268,20
25011,地狼头盔,83,1441,20592,20
25011,地狼头盔,84,1462,20916,20
25011,地狼头盔,85,1483,21240,20
25011,地狼头盔,86,1504,21564,20
25011,地狼头盔,87,1525,21888,20
25011,地狼头盔,88,1546,22212,20
25011,地狼头盔,89,1567,22536,20
25011,地狼头盔,90,1588,22860,20
25011,地狼头盔,91,1610,23202,20
25011,地狼头盔,92,1632,23544,20
25011,地狼头盔,93,1654,23886,20
25011,地狼头盔,94,1676,24228,20
25011,地狼头盔,95,1698,24570,20
25011,地狼头盔,96,1720,24912,20
25011,地狼头盔,97,1742,25254,20
25011,地狼头盔,98,1764,25596,20
25011,地狼头盔,99,1786,25938,20
25011,地狼头盔,100,1808,26280,20
25011,地狼头盔,101,1832,26640,20
25011,地狼头盔,102,1856,27000,20
25011,地狼头盔,103,1880,27360,20
25011,地狼头盔,104,1904,27720,20
25011,地狼头盔,105,1928,28080,20
25011,地狼头盔,106,1952,28440,20
25011,地狼头盔,107,1976,28800,20
25011,地狼头盔,108,2000,29160,20
25011,地狼头盔,109,2024,29520,20
25011,地狼头盔,110,2048,29880,20
25011,地狼头盔,111,2073,30258,20
25011,地狼头盔,112,2098,30636,20
25011,地狼头盔,113,2123,31014,20
25011,地狼头盔,114,2148,31392,20
25011,地狼头盔,115,2173,31770,20
25011,地狼头盔,116,2198,32148,20
25011,地狼头盔,117,2223,32526,20
25011,地狼头盔,118,2248,32904,20
25011,地狼头盔,119,2273,33282,20
25011,地狼头盔,120,2298,33660,20
25012,战虎头盔,1,240,700,20
25012,战虎头盔,2,264,1050,20
25012,战虎头盔,3,288,1400,20
25012,战虎头盔,4,312,1750,20
25012,战虎头盔,5,336,2100,20
25012,战虎头盔,6,360,2450,20
25012,战虎头盔,7,384,2800,20
25012,战虎头盔,8,408,3150,20
25012,战虎头盔,9,432,3500,20
25012,战虎头盔,10,456,3850,20
25012,战虎头盔,11,482,4235,20
25012,战虎头盔,12,508,4620,20
25012,战虎头盔,13,534,5005,20
25012,战虎头盔,14,560,5390,20
25012,战虎头盔,15,586,5775,20
25012,战虎头盔,16,612,6160,20
25012,战虎头盔,17,638,6545,20
25012,战虎头盔,18,664,6930,20
25012,战虎头盔,19,690,7315,20
25012,战虎头盔,20,716,7700,20
25012,战虎头盔,21,744,8120,20
25012,战虎头盔,22,772,8540,20
25012,战虎头盔,23,800,8960,20
25012,战虎头盔,24,828,9380,20
25012,战虎头盔,25,856,9800,20
25012,战虎头盔,26,884,10220,20
25012,战虎头盔,27,912,10640,20
25012,战虎头盔,28,940,11060,20
25012,战虎头盔,29,968,11480,20
25012,战虎头盔,30,996,11900,20
25012,战虎头盔,31,1027,12355,20
25012,战虎头盔,32,1058,12810,20
25012,战虎头盔,33,1089,13265,20
25012,战虎头盔,34,1120,13720,20
25012,战虎头盔,35,1151,14175,20
25012,战虎头盔,36,1182,14630,20
25012,战虎头盔,37,1213,15085,20
25012,战虎头盔,38,1244,15540,20
25012,战虎头盔,39,1275,15995,20
25012,战虎头盔,40,1306,16450,20
25012,战虎头盔,41,1339,16940,20
25012,战虎头盔,42,1372,17430,20
25012,战虎头盔,43,1405,17920,20
25012,战虎头盔,44,1438,18410,20
25012,战虎头盔,45,1471,18900,20
25012,战虎头盔,46,1504,19390,20
25012,战虎头盔,47,1537,19880,20
25012,战虎头盔,48,1570,20370,20
25012,战虎头盔,49,1603,20860,20
25012,战虎头盔,50,1636,21350,20
25012,战虎头盔,51,1672,21875,20
25012,战虎头盔,52,1708,22400,20
25012,战虎头盔,53,1744,22925,20
25012,战虎头盔,54,1780,23450,20
25012,战虎头盔,55,1816,23975,20
25012,战虎头盔,56,1852,24500,20
25012,战虎头盔,57,1888,25025,20
25012,战虎头盔,58,1924,25550,20
25012,战虎头盔,59,1960,26075,20
25012,战虎头盔,60,1996,26600,20
25012,战虎头盔,61,2034,27160,20
25012,战虎头盔,62,2072,27720,20
25012,战虎头盔,63,2110,28280,20
25012,战虎头盔,64,2148,28840,20
25012,战虎头盔,65,2186,29400,20
25012,战虎头盔,66,2224,29960,20
25012,战虎头盔,67,2262,30520,20
25012,战虎头盔,68,2300,31080,20
25012,战虎头盔,69,2338,31640,20
25012,战虎头盔,70,2376,32200,20
25012,战虎头盔,71,2416,32795,20
25012,战虎头盔,72,2456,33390,20
25012,战虎头盔,73,2496,33985,20
25012,战虎头盔,74,2536,34580,20
25012,战虎头盔,75,2576,35175,20
25012,战虎头盔,76,2616,35770,20
25012,战虎头盔,77,2656,36365,20
25012,战虎头盔,78,2696,36960,20
25012,战虎头盔,79,2736,37555,20
25012,战虎头盔,80,2776,38150,20
25012,战虎头盔,81,2819,38780,20
25012,战虎头盔,82,2862,39410,20
25012,战虎头盔,83,2905,40040,20
25012,战虎头盔,84,2948,40670,20
25012,战虎头盔,85,2991,41300,20
25012,战虎头盔,86,3034,41930,20
25012,战虎头盔,87,3077,42560,20
25012,战虎头盔,88,3120,43190,20
25012,战虎头盔,89,3163,43820,20
25012,战虎头盔,90,3206,44450,20
25012,战虎头盔,91,3251,45115,20
25012,战虎头盔,92,3296,45780,20
25012,战虎头盔,93,3341,46445,20
25012,战虎头盔,94,3386,47110,20
25012,战虎头盔,95,3431,47775,20
25012,战虎头盔,96,3476,48440,20
25012,战虎头盔,97,3521,49105,20
25012,战虎头盔,98,3566,49770,20
25012,战虎头盔,99,3611,50435,20
25012,战虎头盔,100,3656,51100,20
25012,战虎头盔,101,3704,51800,20
25012,战虎头盔,102,3752,52500,20
25012,战虎头盔,103,3800,53200,20
25012,战虎头盔,104,3848,53900,20
25012,战虎头盔,105,3896,54600,20
25012,战虎头盔,106,3944,55300,20
25012,战虎头盔,107,3992,56000,20
25012,战虎头盔,108,4040,56700,20
25012,战虎头盔,109,4088,57400,20
25012,战虎头盔,110,4136,58100,20
25012,战虎头盔,111,4186,58835,20
25012,战虎头盔,112,4236,59570,20
25012,战虎头盔,113,4286,60305,20
25012,战虎头盔,114,4336,61040,20
25012,战虎头盔,115,4386,61775,20
25012,战虎头盔,116,4436,62510,20
25012,战虎头盔,117,4486,63245,20
25012,战虎头盔,118,4536,63980,20
25012,战虎头盔,119,4586,64715,20
25012,战虎头盔,120,4636,65450,20
25013,天龙头盔,1,500,1100,20
25013,天龙头盔,2,550,1650,20
25013,天龙头盔,3,600,2200,20
25013,天龙头盔,4,650,2750,20
25013,天龙头盔,5,700,3300,20
25013,天龙头盔,6,750,3850,20
25013,天龙头盔,7,800,4400,20
25013,天龙头盔,8,850,4950,20
25013,天龙头盔,9,900,5500,20
25013,天龙头盔,10,950,6050,20
25013,天龙头盔,11,1005,6655,20
25013,天龙头盔,12,1060,7260,20
25013,天龙头盔,13,1115,7865,20
25013,天龙头盔,14,1170,8470,20
25013,天龙头盔,15,1225,9075,20
25013,天龙头盔,16,1280,9680,20
25013,天龙头盔,17,1335,10285,20
25013,天龙头盔,18,1390,10890,20
25013,天龙头盔,19,1445,11495,20
25013,天龙头盔,20,1500,12100,20
25013,天龙头盔,21,1560,12760,20
25013,天龙头盔,22,1620,13420,20
25013,天龙头盔,23,1680,14080,20
25013,天龙头盔,24,1740,14740,20
25013,天龙头盔,25,1800,15400,20
25013,天龙头盔,26,1860,16060,20
25013,天龙头盔,27,1920,16720,20
25013,天龙头盔,28,1980,17380,20
25013,天龙头盔,29,2040,18040,20
25013,天龙头盔,30,2100,18700,20
25013,天龙头盔,31,2165,19415,20
25013,天龙头盔,32,2230,20130,20
25013,天龙头盔,33,2295,20845,20
25013,天龙头盔,34,2360,21560,20
25013,天龙头盔,35,2425,22275,20
25013,天龙头盔,36,2490,22990,20
25013,天龙头盔,37,2555,23705,20
25013,天龙头盔,38,2620,24420,20
25013,天龙头盔,39,2685,25135,20
25013,天龙头盔,40,2750,25850,20
25013,天龙头盔,41,2820,26620,20
25013,天龙头盔,42,2890,27390,20
25013,天龙头盔,43,2960,28160,20
25013,天龙头盔,44,3030,28930,20
25013,天龙头盔,45,3100,29700,20
25013,天龙头盔,46,3170,30470,20
25013,天龙头盔,47,3240,31240,20
25013,天龙头盔,48,3310,32010,20
25013,天龙头盔,49,3380,32780,20
25013,天龙头盔,50,3450,33550,20
25013,天龙头盔,51,3525,34375,20
25013,天龙头盔,52,3600,35200,20
25013,天龙头盔,53,3675,36025,20
25013,天龙头盔,54,3750,36850,20
25013,天龙头盔,55,3825,37675,20
25013,天龙头盔,56,3900,38500,20
25013,天龙头盔,57,3975,39325,20
25013,天龙头盔,58,4050,40150,20
25013,天龙头盔,59,4125,40975,20
25013,天龙头盔,60,4200,41800,20
25013,天龙头盔,61,4280,42680,20
25013,天龙头盔,62,4360,43560,20
25013,天龙头盔,63,4440,44440,20
25013,天龙头盔,64,4520,45320,20
25013,天龙头盔,65,4600,46200,20
25013,天龙头盔,66,4680,47080,20
25013,天龙头盔,67,4760,47960,20
25013,天龙头盔,68,4840,48840,20
25013,天龙头盔,69,4920,49720,20
25013,天龙头盔,70,5000,50600,20
25013,天龙头盔,71,5085,51535,20
25013,天龙头盔,72,5170,52470,20
25013,天龙头盔,73,5255,53405,20
25013,天龙头盔,74,5340,54340,20
25013,天龙头盔,75,5425,55275,20
25013,天龙头盔,76,5510,56210,20
25013,天龙头盔,77,5595,57145,20
25013,天龙头盔,78,5680,58080,20
25013,天龙头盔,79,5765,59015,20
25013,天龙头盔,80,5850,59950,20
25013,天龙头盔,81,5940,60940,20
25013,天龙头盔,82,6030,61930,20
25013,天龙头盔,83,6120,62920,20
25013,天龙头盔,84,6210,63910,20
25013,天龙头盔,85,6300,64900,20
25013,天龙头盔,86,6390,65890,20
25013,天龙头盔,87,6480,66880,20
25013,天龙头盔,88,6570,67870,20
25013,天龙头盔,89,6660,68860,20
25013,天龙头盔,90,6750,69850,20
25013,天龙头盔,91,6845,70895,20
25013,天龙头盔,92,6940,71940,20
25013,天龙头盔,93,7035,72985,20
25013,天龙头盔,94,7130,74030,20
25013,天龙头盔,95,7225,75075,20
25013,天龙头盔,96,7320,76120,20
25013,天龙头盔,97,7415,77165,20
25013,天龙头盔,98,7510,78210,20
25013,天龙头盔,99,7605,79255,20
25013,天龙头盔,100,7700,80300,20
25013,天龙头盔,101,7800,81400,20
25013,天龙头盔,102,7900,82500,20
25013,天龙头盔,103,8000,83600,20
25013,天龙头盔,104,8100,84700,20
25013,天龙头盔,105,8200,85800,20
25013,天龙头盔,106,8300,86900,20
25013,天龙头盔,107,8400,88000,20
25013,天龙头盔,108,8500,89100,20
25013,天龙头盔,109,8600,90200,20
25013,天龙头盔,110,8700,91300,20
25013,天龙头盔,111,8805,92455,20
25013,天龙头盔,112,8910,93610,20
25013,天龙头盔,113,9015,94765,20
25013,天龙头盔,114,9120,95920,20
25013,天龙头盔,115,9225,97075,20
25013,天龙头盔,116,9330,98230,20
25013,天龙头盔,117,9435,99385,20
25013,天龙头盔,118,9540,100540,20
25013,天龙头盔,119,9645,101695,20
25013,天龙头盔,120,9750,102850,20
25014,战神盔,1,900,1800,20
25014,战神盔,2,990,2700,20
25014,战神盔,3,1080,3600,20
25014,战神盔,4,1170,4500,20
25014,战神盔,5,1260,5400,20
25014,战神盔,6,1350,6300,20
25014,战神盔,7,1440,7200,20
25014,战神盔,8,1530,8100,20
25014,战神盔,9,1620,9000,20
25014,战神盔,10,1710,9900,20
25014,战神盔,11,1809,10890,20
25014,战神盔,12,1908,11880,20
25014,战神盔,13,2007,12870,20
25014,战神盔,14,2106,13860,20
25014,战神盔,15,2205,14850,20
25014,战神盔,16,2304,15840,20
25014,战神盔,17,2403,16830,20
25014,战神盔,18,2502,17820,20
25014,战神盔,19,2601,18810,20
25014,战神盔,20,2700,19800,20
25014,战神盔,21,2808,20880,20
25014,战神盔,22,2916,21960,20
25014,战神盔,23,3024,23040,20
25014,战神盔,24,3132,24120,20
25014,战神盔,25,3240,25200,20
25014,战神盔,26,3348,26280,20
25014,战神盔,27,3456,27360,20
25014,战神盔,28,3564,28440,20
25014,战神盔,29,3672,29520,20
25014,战神盔,30,3780,30600,20
25014,战神盔,31,3897,31770,20
25014,战神盔,32,4014,32940,20
25014,战神盔,33,4131,34110,20
25014,战神盔,34,4248,35280,20
25014,战神盔,35,4365,36450,20
25014,战神盔,36,4482,37620,20
25014,战神盔,37,4599,38790,20
25014,战神盔,38,4716,39960,20
25014,战神盔,39,4833,41130,20
25014,战神盔,40,4950,42300,20
25014,战神盔,41,5076,43560,20
25014,战神盔,42,5202,44820,20
25014,战神盔,43,5328,46080,20
25014,战神盔,44,5454,47340,20
25014,战神盔,45,5580,48600,20
25014,战神盔,46,5706,49860,20
25014,战神盔,47,5832,51120,20
25014,战神盔,48,5958,52380,20
25014,战神盔,49,6084,53640,20
25014,战神盔,50,6210,54900,20
25014,战神盔,51,6345,56250,20
25014,战神盔,52,6480,57600,20
25014,战神盔,53,6615,58950,20
25014,战神盔,54,6750,60300,20
25014,战神盔,55,6885,61650,20
25014,战神盔,56,7020,63000,20
25014,战神盔,57,7155,64350,20
25014,战神盔,58,7290,65700,20
25014,战神盔,59,7425,67050,20
25014,战神盔,60,7560,68400,20
25014,战神盔,61,7704,69840,20
25014,战神盔,62,7848,71280,20
25014,战神盔,63,7992,72720,20
25014,战神盔,64,8136,74160,20
25014,战神盔,65,8280,75600,20
25014,战神盔,66,8424,77040,20
25014,战神盔,67,8568,78480,20
25014,战神盔,68,8712,79920,20
25014,战神盔,69,8856,81360,20
25014,战神盔,70,9000,82800,20
25014,战神盔,71,9153,84330,20
25014,战神盔,72,9306,85860,20
25014,战神盔,73,9459,87390,20
25014,战神盔,74,9612,88920,20
25014,战神盔,75,9765,90450,20
25014,战神盔,76,9918,91980,20
25014,战神盔,77,10071,93510,20
25014,战神盔,78,10224,95040,20
25014,战神盔,79,10377,96570,20
25014,战神盔,80,10530,98100,20
25014,战神盔,81,10692,99720,20
25014,战神盔,82,10854,101340,20
25014,战神盔,83,11016,102960,20
25014,战神盔,84,11178,104580,20
25014,战神盔,85,11340,106200,20
25014,战神盔,86,11502,107820,20
25014,战神盔,87,11664,109440,20
25014,战神盔,88,11826,111060,20
25014,战神盔,89,11988,112680,20
25014,战神盔,90,12150,114300,20
25014,战神盔,91,12321,116010,20
25014,战神盔,92,12492,117720,20
25014,战神盔,93,12663,119430,20
25014,战神盔,94,12834,121140,20
25014,战神盔,95,13005,122850,20
25014,战神盔,96,13176,124560,20
25014,战神盔,97,13347,126270,20
25014,战神盔,98,13518,127980,20
25014,战神盔,99,13689,129690,20
25014,战神盔,100,13860,131400,20
25014,战神盔,101,14040,133200,20
25014,战神盔,102,14220,135000,20
25014,战神盔,103,14400,136800,20
25014,战神盔,104,14580,138600,20
25014,战神盔,105,14760,140400,20
25014,战神盔,106,14940,142200,20
25014,战神盔,107,15120,144000,20
25014,战神盔,108,15300,145800,20
25014,战神盔,109,15480,147600,20
25014,战神盔,110,15660,149400,20
25014,战神盔,111,15849,151290,20
25014,战神盔,112,16038,153180,20
25014,战神盔,113,16227,155070,20
25014,战神盔,114,16416,156960,20
25014,战神盔,115,16605,158850,20
25014,战神盔,116,16794,160740,20
25014,战神盔,117,16983,162630,20
25014,战神盔,118,17172,164520,20
25014,战神盔,119,17361,166410,20
25014,战神盔,120,17550,168300,20
25019,铁甲,1,0,400,6
25019,铁甲,2,0,600,6
25019,铁甲,3,0,800,6
25019,铁甲,4,0,1000,6
25019,铁甲,5,0,1200,6
25019,铁甲,6,0,1400,6
25019,铁甲,7,0,1600,6
25019,铁甲,8,0,1800,6
25019,铁甲,9,0,2000,6
25019,铁甲,10,0,2200,6
25019,铁甲,11,0,2420,6
25019,铁甲,12,0,2640,6
25019,铁甲,13,0,2860,6
25019,铁甲,14,0,3080,6
25019,铁甲,15,0,3300,6
25019,铁甲,16,0,3520,6
25019,铁甲,17,0,3740,6
25019,铁甲,18,0,3960,6
25019,铁甲,19,0,4180,6
25019,铁甲,20,0,4400,6
25019,铁甲,21,0,4640,6
25019,铁甲,22,0,4880,6
25019,铁甲,23,0,5120,6
25019,铁甲,24,0,5360,6
25019,铁甲,25,0,5600,6
25019,铁甲,26,0,5840,6
25019,铁甲,27,0,6080,6
25019,铁甲,28,0,6320,6
25019,铁甲,29,0,6560,6
25019,铁甲,30,0,6800,6
25019,铁甲,31,0,7060,6
25019,铁甲,32,0,7320,6
25019,铁甲,33,0,7580,6
25019,铁甲,34,0,7840,6
25019,铁甲,35,0,8100,6
25019,铁甲,36,0,8360,6
25019,铁甲,37,0,8620,6
25019,铁甲,38,0,8880,6
25019,铁甲,39,0,9140,6
25019,铁甲,40,0,9400,6
25019,铁甲,41,0,9680,6
25019,铁甲,42,0,9960,6
25019,铁甲,43,0,10240,6
25019,铁甲,44,0,10520,6
25019,铁甲,45,0,10800,6
25019,铁甲,46,0,11080,6
25019,铁甲,47,0,11360,6
25019,铁甲,48,0,11640,6
25019,铁甲,49,0,11920,6
25019,铁甲,50,0,12200,6
25019,铁甲,51,0,12500,6
25019,铁甲,52,0,12800,6
25019,铁甲,53,0,13100,6
25019,铁甲,54,0,13400,6
25019,铁甲,55,0,13700,6
25019,铁甲,56,0,14000,6
25019,铁甲,57,0,14300,6
25019,铁甲,58,0,14600,6
25019,铁甲,59,0,14900,6
25019,铁甲,60,0,15200,6
25019,铁甲,61,0,15520,6
25019,铁甲,62,0,15840,6
25019,铁甲,63,0,16160,6
25019,铁甲,64,0,16480,6
25019,铁甲,65,0,16800,6
25019,铁甲,66,0,17120,6
25019,铁甲,67,0,17440,6
25019,铁甲,68,0,17760,6
25019,铁甲,69,0,18080,6
25019,铁甲,70,0,18400,6
25019,铁甲,71,0,18740,6
25019,铁甲,72,0,19080,6
25019,铁甲,73,0,19420,6
25019,铁甲,74,0,19760,6
25019,铁甲,75,0,20100,6
25019,铁甲,76,0,20440,6
25019,铁甲,77,0,20780,6
25019,铁甲,78,0,21120,6
25019,铁甲,79,0,21460,6
25019,铁甲,80,0,21800,6
25019,铁甲,81,0,22160,6
25019,铁甲,82,0,22520,6
25019,铁甲,83,0,22880,6
25019,铁甲,84,0,23240,6
25019,铁甲,85,0,23600,6
25019,铁甲,86,0,23960,6
25019,铁甲,87,0,24320,6
25019,铁甲,88,0,24680,6
25019,铁甲,89,0,25040,6
25019,铁甲,90,0,25400,6
25019,铁甲,91,0,25780,6
25019,铁甲,92,0,26160,6
25019,铁甲,93,0,26540,6
25019,铁甲,94,0,26920,6
25019,铁甲,95,0,27300,6
25019,铁甲,96,0,27680,6
25019,铁甲,97,0,28060,6
25019,铁甲,98,0,28440,6
25019,铁甲,99,0,28820,6
25019,铁甲,100,0,29200,6
25019,铁甲,101,0,29600,6
25019,铁甲,102,0,30000,6
25019,铁甲,103,0,30400,6
25019,铁甲,104,0,30800,6
25019,铁甲,105,0,31200,6
25019,铁甲,106,0,31600,6
25019,铁甲,107,0,32000,6
25019,铁甲,108,0,32400,6
25019,铁甲,109,0,32800,6
25019,铁甲,110,0,33200,6
25019,铁甲,111,0,33620,6
25019,铁甲,112,0,34040,6
25019,铁甲,113,0,34460,6
25019,铁甲,114,0,34880,6
25019,铁甲,115,0,35300,6
25019,铁甲,116,0,35720,6
25019,铁甲,117,0,36140,6
25019,铁甲,118,0,36560,6
25019,铁甲,119,0,36980,6
25019,铁甲,120,0,37400,6
25020,地狼甲,1,0,900,6
25020,地狼甲,2,0,1350,6
25020,地狼甲,3,0,1800,6
25020,地狼甲,4,0,2250,6
25020,地狼甲,5,0,2700,6
25020,地狼甲,6,0,3150,6
25020,地狼甲,7,0,3600,6
25020,地狼甲,8,0,4050,6
25020,地狼甲,9,0,4500,6
25020,地狼甲,10,0,4950,6
25020,地狼甲,11,0,5445,6
25020,地狼甲,12,0,5940,6
25020,地狼甲,13,0,6435,6
25020,地狼甲,14,0,6930,6
25020,地狼甲,15,0,7425,6
25020,地狼甲,16,0,7920,6
25020,地狼甲,17,0,8415,6
25020,地狼甲,18,0,8910,6
25020,地狼甲,19,0,9405,6
25020,地狼甲,20,0,9900,6
25020,地狼甲,21,0,10440,6
25020,地狼甲,22,0,10980,6
25020,地狼甲,23,0,11520,6
25020,地狼甲,24,0,12060,6
25020,地狼甲,25,0,12600,6
25020,地狼甲,26,0,13140,6
25020,地狼甲,27,0,13680,6
25020,地狼甲,28,0,14220,6
25020,地狼甲,29,0,14760,6
25020,地狼甲,30,0,15300,6
25020,地狼甲,31,0,15885,6
25020,地狼甲,32,0,16470,6
25020,地狼甲,33,0,17055,6
25020,地狼甲,34,0,17640,6
25020,地狼甲,35,0,18225,6
25020,地狼甲,36,0,18810,6
25020,地狼甲,37,0,19395,6
25020,地狼甲,38,0,19980,6
25020,地狼甲,39,0,20565,6
25020,地狼甲,40,0,21150,6
25020,地狼甲,41,0,21780,6
25020,地狼甲,42,0,22410,6
25020,地狼甲,43,0,23040,6
25020,地狼甲,44,0,23670,6
25020,地狼甲,45,0,24300,6
25020,地狼甲,46,0,24930,6
25020,地狼甲,47,0,25560,6
25020,地狼甲,48,0,26190,6
25020,地狼甲,49,0,26820,6
25020,地狼甲,50,0,27450,6
25020,地狼甲,51,0,28125,6
25020,地狼甲,52,0,28800,6
25020,地狼甲,53,0,29475,6
25020,地狼甲,54,0,30150,6
25020,地狼甲,55,0,30825,6
25020,地狼甲,56,0,31500,6
25020,地狼甲,57,0,32175,6
25020,地狼甲,58,0,32850,6
25020,地狼甲,59,0,33525,6
25020,地狼甲,60,0,34200,6
25020,地狼甲,61,0,34920,6
25020,地狼甲,62,0,35640,6
25020,地狼甲,63,0,36360,6
25020,地狼甲,64,0,37080,6
25020,地狼甲,65,0,37800,6
25020,地狼甲,66,0,38520,6
25020,地狼甲,67,0,39240,6
25020,地狼甲,68,0,39960,6
25020,地狼甲,69,0,40680,6
25020,地狼甲,70,0,41400,6
25020,地狼甲,71,0,42165,6
25020,地狼甲,72,0,42930,6
25020,地狼甲,73,0,43695,6
25020,地狼甲,74,0,44460,6
25020,地狼甲,75,0,45225,6
25020,地狼甲,76,0,45990,6
25020,地狼甲,77,0,46755,6
25020,地狼甲,78,0,47520,6
25020,地狼甲,79,0,48285,6
25020,地狼甲,80,0,49050,6
25020,地狼甲,81,0,49860,6
25020,地狼甲,82,0,50670,6
25020,地狼甲,83,0,51480,6
25020,地狼甲,84,0,52290,6
25020,地狼甲,85,0,53100,6
25020,地狼甲,86,0,53910,6
25020,地狼甲,87,0,54720,6
25020,地狼甲,88,0,55530,6
25020,地狼甲,89,0,56340,6
25020,地狼甲,90,0,57150,6
25020,地狼甲,91,0,58005,6
25020,地狼甲,92,0,58860,6
25020,地狼甲,93,0,59715,6
25020,地狼甲,94,0,60570,6
25020,地狼甲,95,0,61425,6
25020,地狼甲,96,0,62280,6
25020,地狼甲,97,0,63135,6
25020,地狼甲,98,0,63990,6
25020,地狼甲,99,0,64845,6
25020,地狼甲,100,0,65700,6
25020,地狼甲,101,0,66600,6
25020,地狼甲,102,0,67500,6
25020,地狼甲,103,0,68400,6
25020,地狼甲,104,0,69300,6
25020,地狼甲,105,0,70200,6
25020,地狼甲,106,0,71100,6
25020,地狼甲,107,0,72000,6
25020,地狼甲,108,0,72900,6
25020,地狼甲,109,0,73800,6
25020,地狼甲,110,0,74700,6
25020,地狼甲,111,0,75645,6
25020,地狼甲,112,0,76590,6
25020,地狼甲,113,0,77535,6
25020,地狼甲,114,0,78480,6
25020,地狼甲,115,0,79425,6
25020,地狼甲,116,0,80370,6
25020,地狼甲,117,0,81315,6
25020,地狼甲,118,0,82260,6
25020,地狼甲,119,0,83205,6
25020,地狼甲,120,0,84150,6
25021,战虎甲,1,0,1750,6
25021,战虎甲,2,0,2625,6
25021,战虎甲,3,0,3500,6
25021,战虎甲,4,0,4375,6
25021,战虎甲,5,0,5250,6
25021,战虎甲,6,0,6125,6
25021,战虎甲,7,0,7000,6
25021,战虎甲,8,0,7875,6
25021,战虎甲,9,0,8750,6
25021,战虎甲,10,0,9625,6
25021,战虎甲,11,0,10587,6
25021,战虎甲,12,0,11549,6
25021,战虎甲,13,0,12511,6
25021,战虎甲,14,0,13473,6
25021,战虎甲,15,0,14435,6
25021,战虎甲,16,0,15397,6
25021,战虎甲,17,0,16359,6
25021,战虎甲,18,0,17321,6
25021,战虎甲,19,0,18283,6
25021,战虎甲,20,0,19245,6
25021,战虎甲,21,0,20295,6
25021,战虎甲,22,0,21345,6
25021,战虎甲,23,0,22395,6
25021,战虎甲,24,0,23445,6
25021,战虎甲,25,0,24495,6
25021,战虎甲,26,0,25545,6
25021,战虎甲,27,0,26595,6
25021,战虎甲,28,0,27645,6
25021,战虎甲,29,0,28695,6
25021,战虎甲,30,0,29745,6
25021,战虎甲,31,0,30882,6
25021,战虎甲,32,0,32019,6
25021,战虎甲,33,0,33156,6
25021,战虎甲,34,0,34293,6
25021,战虎甲,35,0,35430,6
25021,战虎甲,36,0,36567,6
25021,战虎甲,37,0,37704,6
25021,战虎甲,38,0,38841,6
25021,战虎甲,39,0,39978,6
25021,战虎甲,40,0,41115,6
25021,战虎甲,41,0,42340,6
25021,战虎甲,42,0,43565,6
25021,战虎甲,43,0,44790,6
25021,战虎甲,44,0,46015,6
25021,战虎甲,45,0,47240,6
25021,战虎甲,46,0,48465,6
25021,战虎甲,47,0,49690,6
25021,战虎甲,48,0,50915,6
25021,战虎甲,49,0,52140,6
25021,战虎甲,50,0,53365,6
25021,战虎甲,51,0,54677,6
25021,战虎甲,52,0,55989,6
25021,战虎甲,53,0,57301,6
25021,战虎甲,54,0,58613,6
25021,战虎甲,55,0,59925,6
25021,战虎甲,56,0,61237,6
25021,战虎甲,57,0,62549,6
25021,战虎甲,58,0,63861,6
25021,战虎甲,59,0,65173,6
25021,战虎甲,60,0,66485,6
25021,战虎甲,61,0,67885,6
25021,战虎甲,62,0,69285,6
25021,战虎甲,63,0,70685,6
25021,战虎甲,64,0,72085,6
25021,战虎甲,65,0,73485,6
25021,战虎甲,66,0,74885,6
25021,战虎甲,67,0,76285,6
25021,战虎甲,68,0,77685,6
25021,战虎甲,69,0,79085,6
25021,战虎甲,70,0,80485,6
25021,战虎甲,71,0,81972,6
25021,战虎甲,72,0,83459,6
25021,战虎甲,73,0,84946,6
25021,战虎甲,74,0,86433,6
25021,战虎甲,75,0,87920,6
25021,战虎甲,76,0,89407,6
25021,战虎甲,77,0,90894,6
25021,战虎甲,78,0,92381,6
25021,战虎甲,79,0,93868,6
25021,战虎甲,80,0,95355,6
25021,战虎甲,81,0,96930,6
25021,战虎甲,82,0,98505,6
25021,战虎甲,83,0,100080,6
25021,战虎甲,84,0,101655,6
25021,战虎甲,85,0,103230,6
25021,战虎甲,86,0,104805,6
25021,战虎甲,87,0,106380,6
25021,战虎甲,88,0,107955,6
25021,战虎甲,89,0,109530,6
25021,战虎甲,90,0,111105,6
25021,战虎甲,91,0,112767,6
25021,战虎甲,92,0,114429,6
25021,战虎甲,93,0,116091,6
25021,战虎甲,94,0,117753,6
25021,战虎甲,95,0,119415,6
25021,战虎甲,96,0,121077,6
25021,战虎甲,97,0,122739,6
25021,战虎甲,98,0,124401,6
25021,战虎甲,99,0,126063,6
25021,战虎甲,100,0,127725,6
25021,战虎甲,101,0,129475,6
25021,战虎甲,102,0,131225,6
25021,战虎甲,103,0,132975,6
25021,战虎甲,104,0,134725,6
25021,战虎甲,105,0,136475,6
25021,战虎甲,106,0,138225,6
25021,战虎甲,107,0,139975,6
25021,战虎甲,108,0,141725,6
25021,战虎甲,109,0,143475,6
25021,战虎甲,110,0,145225,6
25021,战虎甲,111,0,147062,6
25021,战虎甲,112,0,148899,6
25021,战虎甲,113,0,150736,6
25021,战虎甲,114,0,152573,6
25021,战虎甲,115,0,154410,6
25021,战虎甲,116,0,156247,6
25021,战虎甲,117,0,158084,6
25021,战虎甲,118,0,159921,6
25021,战虎甲,119,0,161758,6
25021,战虎甲,120,0,163595,6
25022,天龙甲,1,0,2750,6
25022,天龙甲,2,0,4125,6
25022,天龙甲,3,0,5500,6
25022,天龙甲,4,0,6875,6
25022,天龙甲,5,0,8250,6
25022,天龙甲,6,0,9625,6
25022,天龙甲,7,0,11000,6
25022,天龙甲,8,0,12375,6
25022,天龙甲,9,0,13750,6
25022,天龙甲,10,0,15125,6
25022,天龙甲,11,0,16637,6
25022,天龙甲,12,0,18149,6
25022,天龙甲,13,0,19661,6
25022,天龙甲,14,0,21173,6
25022,天龙甲,15,0,22685,6
25022,天龙甲,16,0,24197,6
25022,天龙甲,17,0,25709,6
25022,天龙甲,18,0,27221,6
25022,天龙甲,19,0,28733,6
25022,天龙甲,20,0,30245,6
25022,天龙甲,21,0,31895,6
25022,天龙甲,22,0,33545,6
25022,天龙甲,23,0,35195,6
25022,天龙甲,24,0,36845,6
25022,天龙甲,25,0,38495,6
25022,天龙甲,26,0,40145,6
25022,天龙甲,27,0,41795,6
25022,天龙甲,28,0,43445,6
25022,天龙甲,29,0,45095,6
25022,天龙甲,30,0,46745,6
25022,天龙甲,31,0,48532,6
25022,天龙甲,32,0,50319,6
25022,天龙甲,33,0,52106,6
25022,天龙甲,34,0,53893,6
25022,天龙甲,35,0,55680,6
25022,天龙甲,36,0,57467,6
25022,天龙甲,37,0,59254,6
25022,天龙甲,38,0,61041,6
25022,天龙甲,39,0,62828,6
25022,天龙甲,40,0,64615,6
25022,天龙甲,41,0,66540,6
25022,天龙甲,42,0,68465,6
25022,天龙甲,43,0,70390,6
25022,天龙甲,44,0,72315,6
25022,天龙甲,45,0,74240,6
25022,天龙甲,46,0,76165,6
25022,天龙甲,47,0,78090,6
25022,天龙甲,48,0,80015,6
25022,天龙甲,49,0,81940,6
25022,天龙甲,50,0,83865,6
25022,天龙甲,51,0,85927,6
25022,天龙甲,52,0,87989,6
25022,天龙甲,53,0,90051,6
25022,天龙甲,54,0,92113,6
25022,天龙甲,55,0,94175,6
25022,天龙甲,56,0,96237,6
25022,天龙甲,57,0,98299,6
25022,天龙甲,58,0,100361,6
25022,天龙甲,59,0,102423,6
25022,天龙甲,60,0,104485,6
25022,天龙甲,61,0,106685,6
25022,天龙甲,62,0,108885,6
25022,天龙甲,63,0,111085,6
25022,天龙甲,64,0,113285,6
25022,天龙甲,65,0,115485,6
25022,天龙甲,66,0,117685,6
25022,天龙甲,67,0,119885,6
25022,天龙甲,68,0,122085,6
25022,天龙甲,69,0,124285,6
25022,天龙甲,70,0,126485,6
25022,天龙甲,71,0,128822,6
25022,天龙甲,72,0,131159,6
25022,天龙甲,73,0,133496,6
25022,天龙甲,74,0,135833,6
25022,天龙甲,75,0,138170,6
25022,天龙甲,76,0,140507,6
25022,天龙甲,77,0,142844,6
25022,天龙甲,78,0,145181,6
25022,天龙甲,79,0,147518,6
25022,天龙甲,80,0,149855,6
25022,天龙甲,81,0,152330,6
25022,天龙甲,82,0,154805,6
25022,天龙甲,83,0,157280,6
25022,天龙甲,84,0,159755,6
25022,天龙甲,85,0,162230,6
25022,天龙甲,86,0,164705,6
25022,天龙甲,87,0,167180,6
25022,天龙甲,88,0,169655,6
25022,天龙甲,89,0,172130,6
25022,天龙甲,90,0,174605,6
25022,天龙甲,91,0,177217,6
25022,天龙甲,92,0,179829,6
25022,天龙甲,93,0,182441,6
25022,天龙甲,94,0,185053,6
25022,天龙甲,95,0,187665,6
25022,天龙甲,96,0,190277,6
25022,天龙甲,97,0,192889,6
25022,天龙甲,98,0,195501,6
25022,天龙甲,99,0,198113,6
25022,天龙甲,100,0,200725,6
25022,天龙甲,101,0,203475,6
25022,天龙甲,102,0,206225,6
25022,天龙甲,103,0,208975,6
25022,天龙甲,104,0,211725,6
25022,天龙甲,105,0,214475,6
25022,天龙甲,106,0,217225,6
25022,天龙甲,107,0,219975,6
25022,天龙甲,108,0,222725,6
25022,天龙甲,109,0,225475,6
25022,天龙甲,110,0,228225,6
25022,天龙甲,111,0,231112,6
25022,天龙甲,112,0,233999,6
25022,天龙甲,113,0,236886,6
25022,天龙甲,114,0,239773,6
25022,天龙甲,115,0,242660,6
25022,天龙甲,116,0,245547,6
25022,天龙甲,117,0,248434,6
25022,天龙甲,118,0,251321,6
25022,天龙甲,119,0,254208,6
25022,天龙甲,120,0,257095,6
25023,战神铠,1,0,4500,6
25023,战神铠,2,0,6750,6
25023,战神铠,3,0,9000,6
25023,战神铠,4,0,11250,6
25023,战神铠,5,0,13500,6
25023,战神铠,6,0,15750,6
25023,战神铠,7,0,18000,6
25023,战神铠,8,0,20250,6
25023,战神铠,9,0,22500,6
25023,战神铠,10,0,24750,6
25023,战神铠,11,0,27225,6
25023,战神铠,12,0,29700,6
25023,战神铠,13,0,32175,6
25023,战神铠,14,0,34650,6
25023,战神铠,15,0,37125,6
25023,战神铠,16,0,39600,6
25023,战神铠,17,0,42075,6
25023,战神铠,18,0,44550,6
25023,战神铠,19,0,47025,6
25023,战神铠,20,0,49500,6
25023,战神铠,21,0,52200,6
25023,战神铠,22,0,54900,6
25023,战神铠,23,0,57600,6
25023,战神铠,24,0,60300,6
25023,战神铠,25,0,63000,6
25023,战神铠,26,0,65700,6
25023,战神铠,27,0,68400,6
25023,战神铠,28,0,71100,6
25023,战神铠,29,0,73800,6
25023,战神铠,30,0,76500,6
25023,战神铠,31,0,79425,6
25023,战神铠,32,0,82350,6
25023,战神铠,33,0,85275,6
25023,战神铠,34,0,88200,6
25023,战神铠,35,0,91125,6
25023,战神铠,36,0,94050,6
25023,战神铠,37,0,96975,6
25023,战神铠,38,0,99900,6
25023,战神铠,39,0,102825,6
25023,战神铠,40,0,105750,6
25023,战神铠,41,0,108900,6
25023,战神铠,42,0,112050,6
25023,战神铠,43,0,115200,6
25023,战神铠,44,0,118350,6
25023,战神铠,45,0,121500,6
25023,战神铠,46,0,124650,6
25023,战神铠,47,0,127800,6
25023,战神铠,48,0,130950,6
25023,战神铠,49,0,134100,6
25023,战神铠,50,0,137250,6
25023,战神铠,51,0,140625,6
25023,战神铠,52,0,144000,6
25023,战神铠,53,0,147375,6
25023,战神铠,54,0,150750,6
25023,战神铠,55,0,154125,6
25023,战神铠,56,0,157500,6
25023,战神铠,57,0,160875,6
25023,战神铠,58,0,164250,6
25023,战神铠,59,0,167625,6
25023,战神铠,60,0,171000,6
25023,战神铠,61,0,174600,6
25023,战神铠,62,0,178200,6
25023,战神铠,63,0,181800,6
25023,战神铠,64,0,185400,6
25023,战神铠,65,0,189000,6
25023,战神铠,66,0,192600,6
25023,战神铠,67,0,196200,6
25023,战神铠,68,0,199800,6
25023,战神铠,69,0,203400,6
25023,战神铠,70,0,207000,6
25023,战神铠,71,0,210825,6
25023,战神铠,72,0,214650,6
25023,战神铠,73,0,218475,6
25023,战神铠,74,0,222300,6
25023,战神铠,75,0,226125,6
25023,战神铠,76,0,229950,6
25023,战神铠,77,0,233775,6
25023,战神铠,78,0,237600,6
25023,战神铠,79,0,241425,6
25023,战神铠,80,0,245250,6
25023,战神铠,81,0,249300,6
25023,战神铠,82,0,253350,6
25023,战神铠,83,0,257400,6
25023,战神铠,84,0,261450,6
25023,战神铠,85,0,265500,6
25023,战神铠,86,0,269550,6
25023,战神铠,87,0,273600,6
25023,战神铠,88,0,277650,6
25023,战神铠,89,0,281700,6
25023,战神铠,90,0,285750,6
25023,战神铠,91,0,290025,6
25023,战神铠,92,0,294300,6
25023,战神铠,93,0,298575,6
25023,战神铠,94,0,302850,6
25023,战神铠,95,0,307125,6
25023,战神铠,96,0,311400,6
25023,战神铠,97,0,315675,6
25023,战神铠,98,0,319950,6
25023,战神铠,99,0,324225,6
25023,战神铠,100,0,328500,6
25023,战神铠,101,0,333000,6
25023,战神铠,102,0,337500,6
25023,战神铠,103,0,342000,6
25023,战神铠,104,0,346500,6
25023,战神铠,105,0,351000,6
25023,战神铠,106,0,355500,6
25023,战神铠,107,0,360000,6
25023,战神铠,108,0,364500,6
25023,战神铠,109,0,369000,6
25023,战神铠,110,0,373500,6
25023,战神铠,111,0,378225,6
25023,战神铠,112,0,382950,6
25023,战神铠,113,0,387675,6
25023,战神铠,114,0,392400,6
25023,战神铠,115,0,397125,6
25023,战神铠,116,0,401850,6
25023,战神铠,117,0,406575,6
25023,战神铠,118,0,411300,6
25023,战神铠,119,0,416025,6
25023,战神铠,120,0,420750,6
25028,铁履,1,0,240,10
25028,铁履,2,0,360,10
25028,铁履,3,0,480,10
25028,铁履,4,0,600,10
25028,铁履,5,0,720,10
25028,铁履,6,0,840,10
25028,铁履,7,0,960,10
25028,铁履,8,0,1080,10
25028,铁履,9,0,1200,10
25028,铁履,10,0,1320,10
25028,铁履,11,0,1452,10
25028,铁履,12,0,1584,10
25028,铁履,13,0,1716,10
25028,铁履,14,0,1848,10
25028,铁履,15,0,1980,10
25028,铁履,16,0,2112,10
25028,铁履,17,0,2244,10
25028,铁履,18,0,2376,10
25028,铁履,19,0,2508,10
25028,铁履,20,0,2640,10
25028,铁履,21,0,2784,10
25028,铁履,22,0,2928,10
25028,铁履,23,0,3072,10
25028,铁履,24,0,3216,10
25028,铁履,25,0,3360,10
25028,铁履,26,0,3504,10
25028,铁履,27,0,3648,10
25028,铁履,28,0,3792,10
25028,铁履,29,0,3936,10
25028,铁履,30,0,4080,10
25028,铁履,31,0,4236,10
25028,铁履,32,0,4392,10
25028,铁履,33,0,4548,10
25028,铁履,34,0,4704,10
25028,铁履,35,0,4860,10
25028,铁履,36,0,5016,10
25028,铁履,37,0,5172,10
25028,铁履,38,0,5328,10
25028,铁履,39,0,5484,10
25028,铁履,40,0,5640,10
25028,铁履,41,0,5808,10
25028,铁履,42,0,5976,10
25028,铁履,43,0,6144,10
25028,铁履,44,0,6312,10
25028,铁履,45,0,6480,10
25028,铁履,46,0,6648,10
25028,铁履,47,0,6816,10
25028,铁履,48,0,6984,10
25028,铁履,49,0,7152,10
25028,铁履,50,0,7320,10
25028,铁履,51,0,7500,10
25028,铁履,52,0,7680,10
25028,铁履,53,0,7860,10
25028,铁履,54,0,8040,10
25028,铁履,55,0,8220,10
25028,铁履,56,0,8400,10
25028,铁履,57,0,8580,10
25028,铁履,58,0,8760,10
25028,铁履,59,0,8940,10
25028,铁履,60,0,9120,10
25028,铁履,61,0,9312,10
25028,铁履,62,0,9504,10
25028,铁履,63,0,9696,10
25028,铁履,64,0,9888,10
25028,铁履,65,0,10080,10
25028,铁履,66,0,10272,10
25028,铁履,67,0,10464,10
25028,铁履,68,0,10656,10
25028,铁履,69,0,10848,10
25028,铁履,70,0,11040,10
25028,铁履,71,0,11244,10
25028,铁履,72,0,11448,10
25028,铁履,73,0,11652,10
25028,铁履,74,0,11856,10
25028,铁履,75,0,12060,10
25028,铁履,76,0,12264,10
25028,铁履,77,0,12468,10
25028,铁履,78,0,12672,10
25028,铁履,79,0,12876,10
25028,铁履,80,0,13080,10
25028,铁履,81,0,13296,10
25028,铁履,82,0,13512,10
25028,铁履,83,0,13728,10
25028,铁履,84,0,13944,10
25028,铁履,85,0,14160,10
25028,铁履,86,0,14376,10
25028,铁履,87,0,14592,10
25028,铁履,88,0,14808,10
25028,铁履,89,0,15024,10
25028,铁履,90,0,15240,10
25028,铁履,91,0,15468,10
25028,铁履,92,0,15696,10
25028,铁履,93,0,15924,10
25028,铁履,94,0,16152,10
25028,铁履,95,0,16380,10
25028,铁履,96,0,16608,10
25028,铁履,97,0,16836,10
25028,铁履,98,0,17064,10
25028,铁履,99,0,17292,10
25028,铁履,100,0,17520,10
25028,铁履,101,0,17760,10
25028,铁履,102,0,18000,10
25028,铁履,103,0,18240,10
25028,铁履,104,0,18480,10
25028,铁履,105,0,18720,10
25028,铁履,106,0,18960,10
25028,铁履,107,0,19200,10
25028,铁履,108,0,19440,10
25028,铁履,109,0,19680,10
25028,铁履,110,0,19920,10
25028,铁履,111,0,20172,10
25028,铁履,112,0,20424,10
25028,铁履,113,0,20676,10
25028,铁履,114,0,20928,10
25028,铁履,115,0,21180,10
25028,铁履,116,0,21432,10
25028,铁履,117,0,21684,10
25028,铁履,118,0,21936,10
25028,铁履,119,0,22188,10
25028,铁履,120,0,22440,10
25029,地狼履,1,0,540,10
25029,地狼履,2,0,810,10
25029,地狼履,3,0,1080,10
25029,地狼履,4,0,1350,10
25029,地狼履,5,0,1620,10
25029,地狼履,6,0,1890,10
25029,地狼履,7,0,2160,10
25029,地狼履,8,0,2430,10
25029,地狼履,9,0,2700,10
25029,地狼履,10,0,2970,10
25029,地狼履,11,0,3267,10
25029,地狼履,12,0,3564,10
25029,地狼履,13,0,3861,10
25029,地狼履,14,0,4158,10
25029,地狼履,15,0,4455,10
25029,地狼履,16,0,4752,10
25029,地狼履,17,0,5049,10
25029,地狼履,18,0,5346,10
25029,地狼履,19,0,5643,10
25029,地狼履,20,0,5940,10
25029,地狼履,21,0,6264,10
25029,地狼履,22,0,6588,10
25029,地狼履,23,0,6912,10
25029,地狼履,24,0,7236,10
25029,地狼履,25,0,7560,10
25029,地狼履,26,0,7884,10
25029,地狼履,27,0,8208,10
25029,地狼履,28,0,8532,10
25029,地狼履,29,0,8856,10
25029,地狼履,30,0,9180,10
25029,地狼履,31,0,9531,10
25029,地狼履,32,0,9882,10
25029,地狼履,33,0,10233,10
25029,地狼履,34,0,10584,10
25029,地狼履,35,0,10935,10
25029,地狼履,36,0,11286,10
25029,地狼履,37,0,11637,10
25029,地狼履,38,0,11988,10
25029,地狼履,39,0,12339,10
25029,地狼履,40,0,12690,10
25029,地狼履,41,0,13068,10
25029,地狼履,42,0,13446,10
25029,地狼履,43,0,13824,10
25029,地狼履,44,0,14202,10
25029,地狼履,45,0,14580,10
25029,地狼履,46,0,14958,10
25029,地狼履,47,0,15336,10
25029,地狼履,48,0,15714,10
25029,地狼履,49,0,16092,10
25029,地狼履,50,0,16470,10
25029,地狼履,51,0,16875,10
25029,地狼履,52,0,17280,10
25029,地狼履,53,0,17685,10
25029,地狼履,54,0,18090,10
25029,地狼履,55,0,18495,10
25029,地狼履,56,0,18900,10
25029,地狼履,57,0,19305,10
25029,地狼履,58,0,19710,10
25029,地狼履,59,0,20115,10
25029,地狼履,60,0,20520,10
25029,地狼履,61,0,20952,10
25029,地狼履,62,0,21384,10
25029,地狼履,63,0,21816,10
25029,地狼履,64,0,22248,10
25029,地狼履,65,0,22680,10
25029,地狼履,66,0,23112,10
25029,地狼履,67,0,23544,10
25029,地狼履,68,0,23976,10
25029,地狼履,69,0,24408,10
25029,地狼履,70,0,24840,10
25029,地狼履,71,0,25299,10
25029,地狼履,72,0,25758,10
25029,地狼履,73,0,26217,10
25029,地狼履,74,0,26676,10
25029,地狼履,75,0,27135,10
25029,地狼履,76,0,27594,10
25029,地狼履,77,0,28053,10
25029,地狼履,78,0,28512,10
25029,地狼履,79,0,28971,10
25029,地狼履,80,0,29430,10
25029,地狼履,81,0,29916,10
25029,地狼履,82,0,30402,10
25029,地狼履,83,0,30888,10
25029,地狼履,84,0,31374,10
25029,地狼履,85,0,31860,10
25029,地狼履,86,0,32346,10
25029,地狼履,87,0,32832,10
25029,地狼履,88,0,33318,10
25029,地狼履,89,0,33804,10
25029,地狼履,90,0,34290,10
25029,地狼履,91,0,34803,10
25029,地狼履,92,0,35316,10
25029,地狼履,93,0,35829,10
25029,地狼履,94,0,36342,10
25029,地狼履,95,0,36855,10
25029,地狼履,96,0,37368,10
25029,地狼履,97,0,37881,10
25029,地狼履,98,0,38394,10
25029,地狼履,99,0,38907,10
25029,地狼履,100,0,39420,10
25029,地狼履,101,0,39960,10
25029,地狼履,102,0,40500,10
25029,地狼履,103,0,41040,10
25029,地狼履,104,0,41580,10
25029,地狼履,105,0,42120,10
25029,地狼履,106,0,42660,10
25029,地狼履,107,0,43200,10
25029,地狼履,108,0,43740,10
25029,地狼履,109,0,44280,10
25029,地狼履,110,0,44820,10
25029,地狼履,111,0,45387,10
25029,地狼履,112,0,45954,10
25029,地狼履,113,0,46521,10
25029,地狼履,114,0,47088,10
25029,地狼履,115,0,47655,10
25029,地狼履,116,0,48222,10
25029,地狼履,117,0,48789,10
25029,地狼履,118,0,49356,10
25029,地狼履,119,0,49923,10
25029,地狼履,120,0,50490,10
25030,战虎履,1,0,1050,10
25030,战虎履,2,0,1575,10
25030,战虎履,3,0,2100,10
25030,战虎履,4,0,2625,10
25030,战虎履,5,0,3150,10
25030,战虎履,6,0,3675,10
25030,战虎履,7,0,4200,10
25030,战虎履,8,0,4725,10
25030,战虎履,9,0,5250,10
25030,战虎履,10,0,5775,10
25030,战虎履,11,0,6352,10
25030,战虎履,12,0,6929,10
25030,战虎履,13,0,7506,10
25030,战虎履,14,0,8083,10
25030,战虎履,15,0,8660,10
25030,战虎履,16,0,9237,10
25030,战虎履,17,0,9814,10
25030,战虎履,18,0,10391,10
25030,战虎履,19,0,10968,10
25030,战虎履,20,0,11545,10
25030,战虎履,21,0,12175,10
25030,战虎履,22,0,12805,10
25030,战虎履,23,0,13435,10
25030,战虎履,24,0,14065,10
25030,战虎履,25,0,14695,10
25030,战虎履,26,0,15325,10
25030,战虎履,27,0,15955,10
25030,战虎履,28,0,16585,10
25030,战虎履,29,0,17215,10
25030,战虎履,30,0,17845,10
25030,战虎履,31,0,18527,10
25030,战虎履,32,0,19209,10
25030,战虎履,33,0,19891,10
25030,战虎履,34,0,20573,10
25030,战虎履,35,0,21255,10
25030,战虎履,36,0,21937,10
25030,战虎履,37,0,22619,10
25030,战虎履,38,0,23301,10
25030,战虎履,39,0,23983,10
25030,战虎履,40,0,24665,10
25030,战虎履,41,0,25400,10
25030,战虎履,42,0,26135,10
25030,战虎履,43,0,26870,10
25030,战虎履,44,0,27605,10
25030,战虎履,45,0,28340,10
25030,战虎履,46,0,29075,10
25030,战虎履,47,0,29810,10
25030,战虎履,48,0,30545,10
25030,战虎履,49,0,31280,10
25030,战虎履,50,0,32015,10
25030,战虎履,51,0,32802,10
25030,战虎履,52,0,33589,10
25030,战虎履,53,0,34376,10
25030,战虎履,54,0,35163,10
25030,战虎履,55,0,35950,10
25030,战虎履,56,0,36737,10
25030,战虎履,57,0,37524,10
25030,战虎履,58,0,38311,10
25030,战虎履,59,0,39098,10
25030,战虎履,60,0,39885,10
25030,战虎履,61,0,40725,10
25030,战虎履,62,0,41565,10
25030,战虎履,63,0,42405,10
25030,战虎履,64,0,43245,10
25030,战虎履,65,0,44085,10
25030,战虎履,66,0,44925,10
25030,战虎履,67,0,45765,10
25030,战虎履,68,0,46605,10
25030,战虎履,69,0,47445,10
25030,战虎履,70,0,48285,10
25030,战虎履,71,0,49177,10
25030,战虎履,72,0,50069,10
25030,战虎履,73,0,50961,10
25030,战虎履,74,0,51853,10
25030,战虎履,75,0,52745,10
25030,战虎履,76,0,53637,10
25030,战虎履,77,0,54529,10
25030,战虎履,78,0,55421,10
25030,战虎履,79,0,56313,10
25030,战虎履,80,0,57205,10
25030,战虎履,81,0,58150,10
25030,战虎履,82,0,59095,10
25030,战虎履,83,0,60040,10
25030,战虎履,84,0,60985,10
25030,战虎履,85,0,61930,10
25030,战虎履,86,0,62875,10
25030,战虎履,87,0,63820,10
25030,战虎履,88,0,64765,10
25030,战虎履,89,0,65710,10
25030,战虎履,90,0,66655,10
25030,战虎履,91,0,67652,10
25030,战虎履,92,0,68649,10
25030,战虎履,93,0,69646,10
25030,战虎履,94,0,70643,10
25030,战虎履,95,0,71640,10
25030,战虎履,96,0,72637,10
25030,战虎履,97,0,73634,10
25030,战虎履,98,0,74631,10
25030,战虎履,99,0,75628,10
25030,战虎履,100,0,76625,10
25030,战虎履,101,0,77675,10
25030,战虎履,102,0,78725,10
25030,战虎履,103,0,79775,10
25030,战虎履,104,0,80825,10
25030,战虎履,105,0,81875,10
25030,战虎履,106,0,82925,10
25030,战虎履,107,0,83975,10
25030,战虎履,108,0,85025,10
25030,战虎履,109,0,86075,10
25030,战虎履,110,0,87125,10
25030,战虎履,111,0,88227,10
25030,战虎履,112,0,89329,10
25030,战虎履,113,0,90431,10
25030,战虎履,114,0,91533,10
25030,战虎履,115,0,92635,10
25030,战虎履,116,0,93737,10
25030,战虎履,117,0,94839,10
25030,战虎履,118,0,95941,10
25030,战虎履,119,0,97043,10
25030,战虎履,120,0,98145,10
25031,天龙履,1,0,1650,10
25031,天龙履,2,0,2475,10
25031,天龙履,3,0,3300,10
25031,天龙履,4,0,4125,10
25031,天龙履,5,0,4950,10
25031,天龙履,6,0,5775,10
25031,天龙履,7,0,6600,10
25031,天龙履,8,0,7425,10
25031,天龙履,9,0,8250,10
25031,天龙履,10,0,9075,10
25031,天龙履,11,0,9982,10
25031,天龙履,12,0,10889,10
25031,天龙履,13,0,11796,10
25031,天龙履,14,0,12703,10
25031,天龙履,15,0,13610,10
25031,天龙履,16,0,14517,10
25031,天龙履,17,0,15424,10
25031,天龙履,18,0,16331,10
25031,天龙履,19,0,17238,10
25031,天龙履,20,0,18145,10
25031,天龙履,21,0,19135,10
25031,天龙履,22,0,20125,10
25031,天龙履,23,0,21115,10
25031,天龙履,24,0,22105,10
25031,天龙履,25,0,23095,10
25031,天龙履,26,0,24085,10
25031,天龙履,27,0,25075,10
25031,天龙履,28,0,26065,10
25031,天龙履,29,0,27055,10
25031,天龙履,30,0,28045,10
25031,天龙履,31,0,29117,10
25031,天龙履,32,0,30189,10
25031,天龙履,33,0,31261,10
25031,天龙履,34,0,32333,10
25031,天龙履,35,0,33405,10
25031,天龙履,36,0,34477,10
25031,天龙履,37,0,35549,10
25031,天龙履,38,0,36621,10
25031,天龙履,39,0,37693,10
25031,天龙履,40,0,38765,10
25031,天龙履,41,0,39920,10
25031,天龙履,42,0,41075,10
25031,天龙履,43,0,42230,10
25031,天龙履,44,0,43385,10
25031,天龙履,45,0,44540,10
25031,天龙履,46,0,45695,10
25031,天龙履,47,0,46850,10
25031,天龙履,48,0,48005,10
25031,天龙履,49,0,49160,10
25031,天龙履,50,0,50315,10
25031,天龙履,51,0,51552,10
25031,天龙履,52,0,52789,10
25031,天龙履,53,0,54026,10
25031,天龙履,54,0,55263,10
25031,天龙履,55,0,56500,10
25031,天龙履,56,0,57737,10
25031,天龙履,57,0,58974,10
25031,天龙履,58,0,60211,10
25031,天龙履,59,0,61448,10
25031,天龙履,60,0,62685,10
25031,天龙履,61,0,64005,10
25031,天龙履,62,0,65325,10
25031,天龙履,63,0,66645,10
25031,天龙履,64,0,67965,10
25031,天龙履,65,0,69285,10
25031,天龙履,66,0,70605,10
25031,天龙履,67,0,71925,10
25031,天龙履,68,0,73245,10
25031,天龙履,69,0,74565,10
25031,天龙履,70,0,75885,10
25031,天龙履,71,0,77287,10
25031,天龙履,72,0,78689,10
25031,天龙履,73,0,80091,10
25031,天龙履,74,0,81493,10
25031,天龙履,75,0,82895,10
25031,天龙履,76,0,84297,10
25031,天龙履,77,0,85699,10
25031,天龙履,78,0,87101,10
25031,天龙履,79,0,88503,10
25031,天龙履,80,0,89905,10
25031,天龙履,81,0,91390,10
25031,天龙履,82,0,92875,10
25031,天龙履,83,0,94360,10
25031,天龙履,84,0,95845,10
25031,天龙履,85,0,97330,10
25031,天龙履,86,0,98815,10
25031,天龙履,87,0,100300,10
25031,天龙履,88,0,101785,10
25031,天龙履,89,0,103270,10
25031,天龙履,90,0,104755,10
25031,天龙履,91,0,106322,10
25031,天龙履,92,0,107889,10
25031,天龙履,93,0,109456,10
25031,天龙履,94,0,111023,10
25031,天龙履,95,0,112590,10
25031,天龙履,96,0,114157,10
25031,天龙履,97,0,115724,10
25031,天龙履,98,0,117291,10
25031,天龙履,99,0,118858,10
25031,天龙履,100,0,120425,10
25031,天龙履,101,0,122075,10
25031,天龙履,102,0,123725,10
25031,天龙履,103,0,125375,10
25031,天龙履,104,0,127025,10
25031,天龙履,105,0,128675,10
25031,天龙履,106,0,130325,10
25031,天龙履,107,0,131975,10
25031,天龙履,108,0,133625,10
25031,天龙履,109,0,135275,10
25031,天龙履,110,0,136925,10
25031,天龙履,111,0,138657,10
25031,天龙履,112,0,140389,10
25031,天龙履,113,0,142121,10
25031,天龙履,114,0,143853,10
25031,天龙履,115,0,145585,10
25031,天龙履,116,0,147317,10
25031,天龙履,117,0,149049,10
25031,天龙履,118,0,150781,10
25031,天龙履,119,0,152513,10
25031,天龙履,120,0,154245,10
25032,战神靴,1,0,2700,10
25032,战神靴,2,0,4050,10
25032,战神靴,3,0,5400,10
25032,战神靴,4,0,6750,10
25032,战神靴,5,0,8100,10
25032,战神靴,6,0,9450,10
25032,战神靴,7,0,10800,10
25032,战神靴,8,0,12150,10
25032,战神靴,9,0,13500,10
25032,战神靴,10,0,14850,10
25032,战神靴,11,0,16335,10
25032,战神靴,12,0,17820,10
25032,战神靴,13,0,19305,10
25032,战神靴,14,0,20790,10
25032,战神靴,15,0,22275,10
25032,战神靴,16,0,23760,10
25032,战神靴,17,0,25245,10
25032,战神靴,18,0,26730,10
25032,战神靴,19,0,28215,10
25032,战神靴,20,0,29700,10
25032,战神靴,21,0,31320,10
25032,战神靴,22,0,32940,10
25032,战神靴,23,0,34560,10
25032,战神靴,24,0,36180,10
25032,战神靴,25,0,37800,10
25032,战神靴,26,0,39420,10
25032,战神靴,27,0,41040,10
25032,战神靴,28,0,42660,10
25032,战神靴,29,0,44280,10
25032,战神靴,30,0,45900,10
25032,战神靴,31,0,47655,10
25032,战神靴,32,0,49410,10
25032,战神靴,33,0,51165,10
25032,战神靴,34,0,52920,10
25032,战神靴,35,0,54675,10
25032,战神靴,36,0,56430,10
25032,战神靴,37,0,58185,10
25032,战神靴,38,0,59940,10
25032,战神靴,39,0,61695,10
25032,战神靴,40,0,63450,10
25032,战神靴,41,0,65340,10
25032,战神靴,42,0,67230,10
25032,战神靴,43,0,69120,10
25032,战神靴,44,0,71010,10
25032,战神靴,45,0,72900,10
25032,战神靴,46,0,74790,10
25032,战神靴,47,0,76680,10
25032,战神靴,48,0,78570,10
25032,战神靴,49,0,80460,10
25032,战神靴,50,0,82350,10
25032,战神靴,51,0,84375,10
25032,战神靴,52,0,86400,10
25032,战神靴,53,0,88425,10
25032,战神靴,54,0,90450,10
25032,战神靴,55,0,92475,10
25032,战神靴,56,0,94500,10
25032,战神靴,57,0,96525,10
25032,战神靴,58,0,98550,10
25032,战神靴,59,0,100575,10
25032,战神靴,60,0,102600,10
25032,战神靴,61,0,104760,10
25032,战神靴,62,0,106920,10
25032,战神靴,63,0,109080,10
25032,战神靴,64,0,111240,10
25032,战神靴,65,0,113400,10
25032,战神靴,66,0,115560,10
25032,战神靴,67,0,117720,10
25032,战神靴,68,0,119880,10
25032,战神靴,69,0,122040,10
25032,战神靴,70,0,124200,10
25032,战神靴,71,0,126495,10
25032,战神靴,72,0,128790,10
25032,战神靴,73,0,131085,10
25032,战神靴,74,0,133380,10
25032,战神靴,75,0,135675,10
25032,战神靴,76,0,137970,10
25032,战神靴,77,0,140265,10
25032,战神靴,78,0,142560,10
25032,战神靴,79,0,144855,10
25032,战神靴,80,0,147150,10
25032,战神靴,81,0,149580,10
25032,战神靴,82,0,152010,10
25032,战神靴,83,0,154440,10
25032,战神靴,84,0,156870,10
25032,战神靴,85,0,159300,10
25032,战神靴,86,0,161730,10
25032,战神靴,87,0,164160,10
25032,战神靴,88,0,166590,10
25032,战神靴,89,0,169020,10
25032,战神靴,90,0,171450,10
25032,战神靴,91,0,174015,10
25032,战神靴,92,0,176580,10
25032,战神靴,93,0,179145,10
25032,战神靴,94,0,181710,10
25032,战神靴,95,0,184275,10
25032,战神靴,96,0,186840,10
25032,战神靴,97,0,189405,10
25032,战神靴,98,0,191970,10
25032,战神靴,99,0,194535,10
25032,战神靴,100,0,197100,10
25032,战神靴,101,0,199800,10
25032,战神靴,102,0,202500,10
25032,战神靴,103,0,205200,10
25032,战神靴,104,0,207900,10
25032,战神靴,105,0,210600,10
25032,战神靴,106,0,213300,10
25032,战神靴,107,0,216000,10
25032,战神靴,108,0,218700,10
25032,战神靴,109,0,221400,10
25032,战神靴,110,0,224100,10
25032,战神靴,111,0,226935,10
25032,战神靴,112,0,229770,10
25032,战神靴,113,0,232605,10
25032,战神靴,114,0,235440,10
25032,战神靴,115,0,238275,10
25032,战神靴,116,0,241110,10
25032,战神靴,117,0,243945,10
25032,战神靴,118,0,246780,10
25032,战神靴,119,0,249615,10
25032,战神靴,120,0,252450,10
25037,铁腕,1,90,0,10
25037,铁腕,2,99,0,10
25037,铁腕,3,108,0,10
25037,铁腕,4,117,0,10
25037,铁腕,5,126,0,10
25037,铁腕,6,135,0,10
25037,铁腕,7,144,0,10
25037,铁腕,8,153,0,10
25037,铁腕,9,162,0,10
25037,铁腕,10,171,0,10
25037,铁腕,11,180,0,10
25037,铁腕,12,189,0,10
25037,铁腕,13,198,0,10
25037,铁腕,14,207,0,10
25037,铁腕,15,216,0,10
25037,铁腕,16,225,0,10
25037,铁腕,17,234,0,10
25037,铁腕,18,243,0,10
25037,铁腕,19,252,0,10
25037,铁腕,20,261,0,10
25037,铁腕,21,271,0,10
25037,铁腕,22,281,0,10
25037,铁腕,23,291,0,10
25037,铁腕,24,301,0,10
25037,铁腕,25,311,0,10
25037,铁腕,26,321,0,10
25037,铁腕,27,331,0,10
25037,铁腕,28,341,0,10
25037,铁腕,29,351,0,10
25037,铁腕,30,361,0,10
25037,铁腕,31,372,0,10
25037,铁腕,32,383,0,10
25037,铁腕,33,394,0,10
25037,铁腕,34,405,0,10
25037,铁腕,35,416,0,10
25037,铁腕,36,427,0,10
25037,铁腕,37,438,0,10
25037,铁腕,38,449,0,10
25037,铁腕,39,460,0,10
25037,铁腕,40,471,0,10
25037,铁腕,41,483,0,10
25037,铁腕,42,495,0,10
25037,铁腕,43,507,0,10
25037,铁腕,44,519,0,10
25037,铁腕,45,531,0,10
25037,铁腕,46,543,0,10
25037,铁腕,47,555,0,10
25037,铁腕,48,567,0,10
25037,铁腕,49,579,0,10
25037,铁腕,50,591,0,10
25037,铁腕,51,604,0,10
25037,铁腕,52,617,0,10
25037,铁腕,53,630,0,10
25037,铁腕,54,643,0,10
25037,铁腕,55,656,0,10
25037,铁腕,56,669,0,10
25037,铁腕,57,682,0,10
25037,铁腕,58,695,0,10
25037,铁腕,59,708,0,10
25037,铁腕,60,721,0,10
25037,铁腕,61,735,0,10
25037,铁腕,62,749,0,10
25037,铁腕,63,763,0,10
25037,铁腕,64,777,0,10
25037,铁腕,65,791,0,10
25037,铁腕,66,805,0,10
25037,铁腕,67,819,0,10
25037,铁腕,68,833,0,10
25037,铁腕,69,847,0,10
25037,铁腕,70,861,0,10
25037,铁腕,71,876,0,10
25037,铁腕,72,891,0,10
25037,铁腕,73,906,0,10
25037,铁腕,74,921,0,10
25037,铁腕,75,936,0,10
25037,铁腕,76,951,0,10
25037,铁腕,77,966,0,10
25037,铁腕,78,981,0,10
25037,铁腕,79,996,0,10
25037,铁腕,80,1011,0,10
25037,铁腕,81,1027,0,10
25037,铁腕,82,1043,0,10
25037,铁腕,83,1059,0,10
25037,铁腕,84,1075,0,10
25037,铁腕,85,1091,0,10
25037,铁腕,86,1107,0,10
25037,铁腕,87,1123,0,10
25037,铁腕,88,1139,0,10
25037,铁腕,89,1155,0,10
25037,铁腕,90,1171,0,10
25037,铁腕,91,1188,0,10
25037,铁腕,92,1205,0,10
25037,铁腕,93,1222,0,10
25037,铁腕,94,1239,0,10
25037,铁腕,95,1256,0,10
25037,铁腕,96,1273,0,10
25037,铁腕,97,1290,0,10
25037,铁腕,98,1307,0,10
25037,铁腕,99,1324,0,10
25037,铁腕,100,1341,0,10
25037,铁腕,101,1359,0,10
25037,铁腕,102,1377,0,10
25037,铁腕,103,1395,0,10
25037,铁腕,104,1413,0,10
25037,铁腕,105,1431,0,10
25037,铁腕,106,1449,0,10
25037,铁腕,107,1467,0,10
25037,铁腕,108,1485,0,10
25037,铁腕,109,1503,0,10
25037,铁腕,110,1521,0,10
25037,铁腕,111,1539,0,10
25037,铁腕,112,1557,0,10
25037,铁腕,113,1575,0,10
25037,铁腕,114,1593,0,10
25037,铁腕,115,1611,0,10
25037,铁腕,116,1629,0,10
25037,铁腕,117,1647,0,10
25037,铁腕,118,1665,0,10
25037,铁腕,119,1683,0,10
25037,铁腕,120,1701,0,10
25038,地狼护腕,1,180,0,10
25038,地狼护腕,2,198,0,10
25038,地狼护腕,3,216,0,10
25038,地狼护腕,4,234,0,10
25038,地狼护腕,5,252,0,10
25038,地狼护腕,6,270,0,10
25038,地狼护腕,7,288,0,10
25038,地狼护腕,8,306,0,10
25038,地狼护腕,9,324,0,10
25038,地狼护腕,10,342,0,10
25038,地狼护腕,11,361,0,10
25038,地狼护腕,12,380,0,10
25038,地狼护腕,13,399,0,10
25038,地狼护腕,14,418,0,10
25038,地狼护腕,15,437,0,10
25038,地狼护腕,16,456,0,10
25038,地狼护腕,17,475,0,10
25038,地狼护腕,18,494,0,10
25038,地狼护腕,19,513,0,10
25038,地狼护腕,20,532,0,10
25038,地狼护腕,21,553,0,10
25038,地狼护腕,22,574,0,10
25038,地狼护腕,23,595,0,10
25038,地狼护腕,24,616,0,10
25038,地狼护腕,25,637,0,10
25038,地狼护腕,26,658,0,10
25038,地狼护腕,27,679,0,10
25038,地狼护腕,28,700,0,10
25038,地狼护腕,29,721,0,10
25038,地狼护腕,30,742,0,10
25038,地狼护腕,31,765,0,10
25038,地狼护腕,32,788,0,10
25038,地狼护腕,33,811,0,10
25038,地狼护腕,34,834,0,10
25038,地狼护腕,35,857,0,10
25038,地狼护腕,36,880,0,10
25038,地狼护腕,37,903,0,10
25038,地狼护腕,38,926,0,10
25038,地狼护腕,39,949,0,10
25038,地狼护腕,40,972,0,10
25038,地狼护腕,41,997,0,10
25038,地狼护腕,42,1022,0,10
25038,地狼护腕,43,1047,0,10
25038,地狼护腕,44,1072,0,10
25038,地狼护腕,45,1097,0,10
25038,地狼护腕,46,1122,0,10
25038,地狼护腕,47,1147,0,10
25038,地狼护腕,48,1172,0,10
25038,地狼护腕,49,1197,0,10
25038,地狼护腕,50,1222,0,10
25038,地狼护腕,51,1249,0,10
25038,地狼护腕,52,1276,0,10
25038,地狼护腕,53,1303,0,10
25038,地狼护腕,54,1330,0,10
25038,地狼护腕,55,1357,0,10
25038,地狼护腕,56,1384,0,10
25038,地狼护腕,57,1411,0,10
25038,地狼护腕,58,1438,0,10
25038,地狼护腕,59,1465,0,10
25038,地狼护腕,60,1492,0,10
25038,地狼护腕,61,1520,0,10
25038,地狼护腕,62,1548,0,10
25038,地狼护腕,63,1576,0,10
25038,地狼护腕,64,1604,0,10
25038,地狼护腕,65,1632,0,10
25038,地狼护腕,66,1660,0,10
25038,地狼护腕,67,1688,0,10
25038,地狼护腕,68,1716,0,10
25038,地狼护腕,69,1744,0,10
25038,地狼护腕,70,1772,0,10
25038,地狼护腕,71,1802,0,10
25038,地狼护腕,72,1832,0,10
25038,地狼护腕,73,1862,0,10
25038,地狼护腕,74,1892,0,10
25038,地狼护腕,75,1922,0,10
25038,地狼护腕,76,1952,0,10
25038,地狼护腕,77,1982,0,10
25038,地狼护腕,78,2012,0,10
25038,地狼护腕,79,2042,0,10
25038,地狼护腕,80,2072,0,10
25038,地狼护腕,81,2104,0,10
25038,地狼护腕,82,2136,0,10
25038,地狼护腕,83,2168,0,10
25038,地狼护腕,84,2200,0,10
25038,地狼护腕,85,2232,0,10
25038,地狼护腕,86,2264,0,10
25038,地狼护腕,87,2296,0,10
25038,地狼护腕,88,2328,0,10
25038,地狼护腕,89,2360,0,10
25038,地狼护腕,90,2392,0,10
25038,地狼护腕,91,2426,0,10
25038,地狼护腕,92,2460,0,10
25038,地狼护腕,93,2494,0,10
25038,地狼护腕,94,2528,0,10
25038,地狼护腕,95,2562,0,10
25038,地狼护腕,96,2596,0,10
25038,地狼护腕,97,2630,0,10
25038,地狼护腕,98,2664,0,10
25038,地狼护腕,99,2698,0,10
25038,地狼护腕,100,2732,0,10
25038,地狼护腕,101,2768,0,10
25038,地狼护腕,102,2804,0,10
25038,地狼护腕,103,2840,0,10
25038,地狼护腕,104,2876,0,10
25038,地狼护腕,105,2912,0,10
25038,地狼护腕,106,2948,0,10
25038,地狼护腕,107,2984,0,10
25038,地狼护腕,108,3020,0,10
25038,地狼护腕,109,3056,0,10
25038,地狼护腕,110,3092,0,10
25038,地狼护腕,111,3129,0,10
25038,地狼护腕,112,3166,0,10
25038,地狼护腕,113,3203,0,10
25038,地狼护腕,114,3240,0,10
25038,地狼护腕,115,3277,0,10
25038,地狼护腕,116,3314,0,10
25038,地狼护腕,117,3351,0,10
25038,地狼护腕,118,3388,0,10
25038,地狼护腕,119,3425,0,10
25038,地狼护腕,120,3462,0,10
25039,战虎护腕,1,360,0,10
25039,战虎护腕,2,396,0,10
25039,战虎护腕,3,432,0,10
25039,战虎护腕,4,468,0,10
25039,战虎护腕,5,504,0,10
25039,战虎护腕,6,540,0,10
25039,战虎护腕,7,576,0,10
25039,战虎护腕,8,612,0,10
25039,战虎护腕,9,648,0,10
25039,战虎护腕,10,684,0,10
25039,战虎护腕,11,723,0,10
25039,战虎护腕,12,762,0,10
25039,战虎护腕,13,801,0,10
25039,战虎护腕,14,840,0,10
25039,战虎护腕,15,879,0,10
25039,战虎护腕,16,918,0,10
25039,战虎护腕,17,957,0,10
25039,战虎护腕,18,996,0,10
25039,战虎护腕,19,1035,0,10
25039,战虎护腕,20,1074,0,10
25039,战虎护腕,21,1117,0,10
25039,战虎护腕,22,1160,0,10
25039,战虎护腕,23,1203,0,10
25039,战虎护腕,24,1246,0,10
25039,战虎护腕,25,1289,0,10
25039,战虎护腕,26,1332,0,10
25039,战虎护腕,27,1375,0,10
25039,战虎护腕,28,1418,0,10
25039,战虎护腕,29,1461,0,10
25039,战虎护腕,30,1504,0,10
25039,战虎护腕,31,1550,0,10
25039,战虎护腕,32,1596,0,10
25039,战虎护腕,33,1642,0,10
25039,战虎护腕,34,1688,0,10
25039,战虎护腕,35,1734,0,10
25039,战虎护腕,36,1780,0,10
25039,战虎护腕,37,1826,0,10
25039,战虎护腕,38,1872,0,10
25039,战虎护腕,39,1918,0,10
25039,战虎护腕,40,1964,0,10
25039,战虎护腕,41,2014,0,10
25039,战虎护腕,42,2064,0,10
25039,战虎护腕,43,2114,0,10
25039,战虎护腕,44,2164,0,10
25039,战虎护腕,45,2214,0,10
25039,战虎护腕,46,2264,0,10
25039,战虎护腕,47,2314,0,10
25039,战虎护腕,48,2364,0,10
25039,战虎护腕,49,2414,0,10
25039,战虎护腕,50,2464,0,10
25039,战虎护腕,51,2518,0,10
25039,战虎护腕,52,2572,0,10
25039,战虎护腕,53,2626,0,10
25039,战虎护腕,54,2680,0,10
25039,战虎护腕,55,2734,0,10
25039,战虎护腕,56,2788,0,10
25039,战虎护腕,57,2842,0,10
25039,战虎护腕,58,2896,0,10
25039,战虎护腕,59,2950,0,10
25039,战虎护腕,60,3004,0,10
25039,战虎护腕,61,3061,0,10
25039,战虎护腕,62,3118,0,10
25039,战虎护腕,63,3175,0,10
25039,战虎护腕,64,3232,0,10
25039,战虎护腕,65,3289,0,10
25039,战虎护腕,66,3346,0,10
25039,战虎护腕,67,3403,0,10
25039,战虎护腕,68,3460,0,10
25039,战虎护腕,69,3517,0,10
25039,战虎护腕,70,3574,0,10
25039,战虎护腕,71,3635,0,10
25039,战虎护腕,72,3696,0,10
25039,战虎护腕,73,3757,0,10
25039,战虎护腕,74,3818,0,10
25039,战虎护腕,75,3879,0,10
25039,战虎护腕,76,3940,0,10
25039,战虎护腕,77,4001,0,10
25039,战虎护腕,78,4062,0,10
25039,战虎护腕,79,4123,0,10
25039,战虎护腕,80,4184,0,10
25039,战虎护腕,81,4248,0,10
25039,战虎护腕,82,4312,0,10
25039,战虎护腕,83,4376,0,10
25039,战虎护腕,84,4440,0,10
25039,战虎护腕,85,4504,0,10
25039,战虎护腕,86,4568,0,10
25039,战虎护腕,87,4632,0,10
25039,战虎护腕,88,4696,0,10
25039,战虎护腕,89,4760,0,10
25039,战虎护腕,90,4824,0,10
25039,战虎护腕,91,4892,0,10
25039,战虎护腕,92,4960,0,10
25039,战虎护腕,93,5028,0,10
25039,战虎护腕,94,5096,0,10
25039,战虎护腕,95,5164,0,10
25039,战虎护腕,96,5232,0,10
25039,战虎护腕,97,5300,0,10
25039,战虎护腕,98,5368,0,10
25039,战虎护腕,99,5436,0,10
25039,战虎护腕,100,5504,0,10
25039,战虎护腕,101,5576,0,10
25039,战虎护腕,102,5648,0,10
25039,战虎护腕,103,5720,0,10
25039,战虎护腕,104,5792,0,10
25039,战虎护腕,105,5864,0,10
25039,战虎护腕,106,5936,0,10
25039,战虎护腕,107,6008,0,10
25039,战虎护腕,108,6080,0,10
25039,战虎护腕,109,6152,0,10
25039,战虎护腕,110,6224,0,10
25039,战虎护腕,111,6299,0,10
25039,战虎护腕,112,6374,0,10
25039,战虎护腕,113,6449,0,10
25039,战虎护腕,114,6524,0,10
25039,战虎护腕,115,6599,0,10
25039,战虎护腕,116,6674,0,10
25039,战虎护腕,117,6749,0,10
25039,战虎护腕,118,6824,0,10
25039,战虎护腕,119,6899,0,10
25039,战虎护腕,120,6974,0,10
25040,天龙护腕,1,750,0,10
25040,天龙护腕,2,825,0,10
25040,天龙护腕,3,900,0,10
25040,天龙护腕,4,975,0,10
25040,天龙护腕,5,1050,0,10
25040,天龙护腕,6,1125,0,10
25040,天龙护腕,7,1200,0,10
25040,天龙护腕,8,1275,0,10
25040,天龙护腕,9,1350,0,10
25040,天龙护腕,10,1425,0,10
25040,天龙护腕,11,1507,0,10
25040,天龙护腕,12,1589,0,10
25040,天龙护腕,13,1671,0,10
25040,天龙护腕,14,1753,0,10
25040,天龙护腕,15,1835,0,10
25040,天龙护腕,16,1917,0,10
25040,天龙护腕,17,1999,0,10
25040,天龙护腕,18,2081,0,10
25040,天龙护腕,19,2163,0,10
25040,天龙护腕,20,2245,0,10
25040,天龙护腕,21,2335,0,10
25040,天龙护腕,22,2425,0,10
25040,天龙护腕,23,2515,0,10
25040,天龙护腕,24,2605,0,10
25040,天龙护腕,25,2695,0,10
25040,天龙护腕,26,2785,0,10
25040,天龙护腕,27,2875,0,10
25040,天龙护腕,28,2965,0,10
25040,天龙护腕,29,3055,0,10
25040,天龙护腕,30,3145,0,10
25040,天龙护腕,31,3242,0,10
25040,天龙护腕,32,3339,0,10
25040,天龙护腕,33,3436,0,10
25040,天龙护腕,34,3533,0,10
25040,天龙护腕,35,3630,0,10
25040,天龙护腕,36,3727,0,10
25040,天龙护腕,37,3824,0,10
25040,天龙护腕,38,3921,0,10
25040,天龙护腕,39,4018,0,10
25040,天龙护腕,40,4115,0,10
25040,天龙护腕,41,4220,0,10
25040,天龙护腕,42,4325,0,10
25040,天龙护腕,43,4430,0,10
25040,天龙护腕,44,4535,0,10
25040,天龙护腕,45,4640,0,10
25040,天龙护腕,46,4745,0,10
25040,天龙护腕,47,4850,0,10
25040,天龙护腕,48,4955,0,10
25040,天龙护腕,49,5060,0,10
25040,天龙护腕,50,5165,0,10
25040,天龙护腕,51,5277,0,10
25040,天龙护腕,52,5389,0,10
25040,天龙护腕,53,5501,0,10
25040,天龙护腕,54,5613,0,10
25040,天龙护腕,55,5725,0,10
25040,天龙护腕,56,5837,0,10
25040,天龙护腕,57,5949,0,10
25040,天龙护腕,58,6061,0,10
25040,天龙护腕,59,6173,0,10
25040,天龙护腕,60,6285,0,10
25040,天龙护腕,61,6405,0,10
25040,天龙护腕,62,6525,0,10
25040,天龙护腕,63,6645,0,10
25040,天龙护腕,64,6765,0,10
25040,天龙护腕,65,6885,0,10
25040,天龙护腕,66,7005,0,10
25040,天龙护腕,67,7125,0,10
25040,天龙护腕,68,7245,0,10
25040,天龙护腕,69,7365,0,10
25040,天龙护腕,70,7485,0,10
25040,天龙护腕,71,7612,0,10
25040,天龙护腕,72,7739,0,10
25040,天龙护腕,73,7866,0,10
25040,天龙护腕,74,7993,0,10
25040,天龙护腕,75,8120,0,10
25040,天龙护腕,76,8247,0,10
25040,天龙护腕,77,8374,0,10
25040,天龙护腕,78,8501,0,10
25040,天龙护腕,79,8628,0,10
25040,天龙护腕,80,8755,0,10
25040,天龙护腕,81,8890,0,10
25040,天龙护腕,82,9025,0,10
25040,天龙护腕,83,9160,0,10
25040,天龙护腕,84,9295,0,10
25040,天龙护腕,85,9430,0,10
25040,天龙护腕,86,9565,0,10
25040,天龙护腕,87,9700,0,10
25040,天龙护腕,88,9835,0,10
25040,天龙护腕,89,9970,0,10
25040,天龙护腕,90,10105,0,10
25040,天龙护腕,91,10247,0,10
25040,天龙护腕,92,10389,0,10
25040,天龙护腕,93,10531,0,10
25040,天龙护腕,94,10673,0,10
25040,天龙护腕,95,10815,0,10
25040,天龙护腕,96,10957,0,10
25040,天龙护腕,97,11099,0,10
25040,天龙护腕,98,11241,0,10
25040,天龙护腕,99,11383,0,10
25040,天龙护腕,100,11525,0,10
25040,天龙护腕,101,11675,0,10
25040,天龙护腕,102,11825,0,10
25040,天龙护腕,103,11975,0,10
25040,天龙护腕,104,12125,0,10
25040,天龙护腕,105,12275,0,10
25040,天龙护腕,106,12425,0,10
25040,天龙护腕,107,12575,0,10
25040,天龙护腕,108,12725,0,10
25040,天龙护腕,109,12875,0,10
25040,天龙护腕,110,13025,0,10
25040,天龙护腕,111,13182,0,10
25040,天龙护腕,112,13339,0,10
25040,天龙护腕,113,13496,0,10
25040,天龙护腕,114,13653,0,10
25040,天龙护腕,115,13810,0,10
25040,天龙护腕,116,13967,0,10
25040,天龙护腕,117,14124,0,10
25040,天龙护腕,118,14281,0,10
25040,天龙护腕,119,14438,0,10
25040,天龙护腕,120,14595,0,10
25041,战神护腕,1,1350,0,10
25041,战神护腕,2,1485,0,10
25041,战神护腕,3,1620,0,10
25041,战神护腕,4,1755,0,10
25041,战神护腕,5,1890,0,10
25041,战神护腕,6,2025,0,10
25041,战神护腕,7,2160,0,10
25041,战神护腕,8,2295,0,10
25041,战神护腕,9,2430,0,10
25041,战神护腕,10,2565,0,10
25041,战神护腕,11,2713,0,10
25041,战神护腕,12,2861,0,10
25041,战神护腕,13,3009,0,10
25041,战神护腕,14,3157,0,10
25041,战神护腕,15,3305,0,10
25041,战神护腕,16,3453,0,10
25041,战神护腕,17,3601,0,10
25041,战神护腕,18,3749,0,10
25041,战神护腕,19,3897,0,10
25041,战神护腕,20,4045,0,10
25041,战神护腕,21,4207,0,10
25041,战神护腕,22,4369,0,10
25041,战神护腕,23,4531,0,10
25041,战神护腕,24,4693,0,10
25041,战神护腕,25,4855,0,10
25041,战神护腕,26,5017,0,10
25041,战神护腕,27,5179,0,10
25041,战神护腕,28,5341,0,10
25041,战神护腕,29,5503,0,10
25041,战神护腕,30,5665,0,10
25041,战神护腕,31,5840,0,10
25041,战神护腕,32,6015,0,10
25041,战神护腕,33,6190,0,10
25041,战神护腕,34,6365,0,10
25041,战神护腕,35,6540,0,10
25041,战神护腕,36,6715,0,10
25041,战神护腕,37,6890,0,10
25041,战神护腕,38,7065,0,10
25041,战神护腕,39,7240,0,10
25041,战神护腕,40,7415,0,10
25041,战神护腕,41,7604,0,10
25041,战神护腕,42,7793,0,10
25041,战神护腕,43,7982,0,10
25041,战神护腕,44,8171,0,10
25041,战神护腕,45,8360,0,10
25041,战神护腕,46,8549,0,10
25041,战神护腕,47,8738,0,10
25041,战神护腕,48,8927,0,10
25041,战神护腕,49,9116,0,10
25041,战神护腕,50,9305,0,10
25041,战神护腕,51,9507,0,10
25041,战神护腕,52,9709,0,10
25041,战神护腕,53,9911,0,10
25041,战神护腕,54,10113,0,10
25041,战神护腕,55,10315,0,10
25041,战神护腕,56,10517,0,10
25041,战神护腕,57,10719,0,10
25041,战神护腕,58,10921,0,10
25041,战神护腕,59,11123,0,10
25041,战神护腕,60,11325,0,10
25041,战神护腕,61,11541,0,10
25041,战神护腕,62,11757,0,10
25041,战神护腕,63,11973,0,10
25041,战神护腕,64,12189,0,10
25041,战神护腕,65,12405,0,10
25041,战神护腕,66,12621,0,10
25041,战神护腕,67,12837,0,10
25041,战神护腕,68,13053,0,10
25041,战神护腕,69,13269,0,10
25041,战神护腕,70,13485,0,10
25041,战神护腕,71,13714,0,10
25041,战神护腕,72,13943,0,10
25041,战神护腕,73,14172,0,10
25041,战神护腕,74,14401,0,10
25041,战神护腕,75,14630,0,10
25041,战神护腕,76,14859,0,10
25041,战神护腕,77,15088,0,10
25041,战神护腕,78,15317,0,10
25041,战神护腕,79,15546,0,10
25041,战神护腕,80,15775,0,10
25041,战神护腕,81,16018,0,10
25041,战神护腕,82,16261,0,10
25041,战神护腕,83,16504,0,10
25041,战神护腕,84,16747,0,10
25041,战神护腕,85,16990,0,10
25041,战神护腕,86,17233,0,10
25041,战神护腕,87,17476,0,10
25041,战神护腕,88,17719,0,10
25041,战神护腕,89,17962,0,10
25041,战神护腕,90,18205,0,10
25041,战神护腕,91,18461,0,10
25041,战神护腕,92,18717,0,10
25041,战神护腕,93,18973,0,10
25041,战神护腕,94,19229,0,10
25041,战神护腕,95,19485,0,10
25041,战神护腕,96,19741,0,10
25041,战神护腕,97,19997,0,10
25041,战神护腕,98,20253,0,10
25041,战神护腕,99,20509,0,10
25041,战神护腕,100,20765,0,10
25041,战神护腕,101,21035,0,10
25041,战神护腕,102,21305,0,10
25041,战神护腕,103,21575,0,10
25041,战神护腕,104,21845,0,10
25041,战神护腕,105,22115,0,10
25041,战神护腕,106,22385,0,10
25041,战神护腕,107,22655,0,10
25041,战神护腕,108,22925,0,10
25041,战神护腕,109,23195,0,10
25041,战神护腕,110,23465,0,10
25041,战神护腕,111,23748,0,10
25041,战神护腕,112,24031,0,10
25041,战神护腕,113,24314,0,10
25041,战神护腕,114,24597,0,10
25041,战神护腕,115,24880,0,10
25041,战神护腕,116,25163,0,10
25041,战神护腕,117,25446,0,10
25041,战神护腕,118,25729,0,10
25041,战神护腕,119,26012,0,10
25041,战神护腕,120,26295,0,10
25046,地狼披风,1,360,1050,10
25046,地狼披风,2,396,1575,10
25046,地狼披风,3,432,2100,10
25046,地狼披风,4,468,2625,10
25046,地狼披风,5,504,3150,10
25046,地狼披风,6,540,3675,10
25046,地狼披风,7,576,4200,10
25046,地狼披风,8,612,4725,10
25046,地狼披风,9,648,5250,10
25046,地狼披风,10,684,5775,10
25046,地狼披风,11,723,6352,10
25046,地狼披风,12,762,6929,10
25046,地狼披风,13,801,7506,10
25046,地狼披风,14,840,8083,10
25046,地狼披风,15,879,8660,10
25046,地狼披风,16,918,9237,10
25046,地狼披风,17,957,9814,10
25046,地狼披风,18,996,10391,10
25046,地狼披风,19,1035,10968,10
25046,地狼披风,20,1074,11545,10
25046,地狼披风,21,1117,12175,10
25046,地狼披风,22,1160,12805,10
25046,地狼披风,23,1203,13435,10
25046,地狼披风,24,1246,14065,10
25046,地狼披风,25,1289,14695,10
25046,地狼披风,26,1332,15325,10
25046,地狼披风,27,1375,15955,10
25046,地狼披风,28,1418,16585,10
25046,地狼披风,29,1461,17215,10
25046,地狼披风,30,1504,17845,10
25046,地狼披风,31,1550,18527,10
25046,地狼披风,32,1596,19209,10
25046,地狼披风,33,1642,19891,10
25046,地狼披风,34,1688,20573,10
25046,地狼披风,35,1734,21255,10
25046,地狼披风,36,1780,21937,10
25046,地狼披风,37,1826,22619,10
25046,地狼披风,38,1872,23301,10
25046,地狼披风,39,1918,23983,10
25046,地狼披风,40,1964,24665,10
25046,地狼披风,41,2014,25400,10
25046,地狼披风,42,2064,26135,10
25046,地狼披风,43,2114,26870,10
25046,地狼披风,44,2164,27605,10
25046,地狼披风,45,2214,28340,10
25046,地狼披风,46,2264,29075,10
25046,地狼披风,47,2314,29810,10
25046,地狼披风,48,2364,30545,10
25046,地狼披风,49,2414,31280,10
25046,地狼披风,50,2464,32015,10
25046,地狼披风,51,2518,32802,10
25046,地狼披风,52,2572,33589,10
25046,地狼披风,53,2626,34376,10
25046,地狼披风,54,2680,35163,10
25046,地狼披风,55,2734,35950,10
25046,地狼披风,56,2788,36737,10
25046,地狼披风,57,2842,37524,10
25046,地狼披风,58,2896,38311,10
25046,地狼披风,59,2950,39098,10
25046,地狼披风,60,3004,39885,10
25046,地狼披风,61,3061,40725,10
25046,地狼披风,62,3118,41565,10
25046,地狼披风,63,3175,42405,10
25046,地狼披风,64,3232,43245,10
25046,地狼披风,65,3289,44085,10
25046,地狼披风,66,3346,44925,10
25046,地狼披风,67,3403,45765,10
25046,地狼披风,68,3460,46605,10
25046,地狼披风,69,3517,47445,10
25046,地狼披风,70,3574,48285,10
25046,地狼披风,71,3635,49177,10
25046,地狼披风,72,3696,50069,10
25046,地狼披风,73,3757,50961,10
25046,地狼披风,74,3818,51853,10
25046,地狼披风,75,3879,52745,10
25046,地狼披风,76,3940,53637,10
25046,地狼披风,77,4001,54529,10
25046,地狼披风,78,4062,55421,10
25046,地狼披风,79,4123,56313,10
25046,地狼披风,80,4184,57205,10
25046,地狼披风,81,4248,58150,10
25046,地狼披风,82,4312,59095,10
25046,地狼披风,83,4376,60040,10
25046,地狼披风,84,4440,60985,10
25046,地狼披风,85,4504,61930,10
25046,地狼披风,86,4568,62875,10
25046,地狼披风,87,4632,63820,10
25046,地狼披风,88,4696,64765,10
25046,地狼披风,89,4760,65710,10
25046,地狼披风,90,4824,66655,10
25046,地狼披风,91,4892,67652,10
25046,地狼披风,92,4960,68649,10
25046,地狼披风,93,5028,69646,10
25046,地狼披风,94,5096,70643,10
25046,地狼披风,95,5164,71640,10
25046,地狼披风,96,5232,72637,10
25046,地狼披风,97,5300,73634,10
25046,地狼披风,98,5368,74631,10
25046,地狼披风,99,5436,75628,10
25046,地狼披风,100,5504,76625,10
25046,地狼披风,101,5576,77675,10
25046,地狼披风,102,5648,78725,10
25046,地狼披风,103,5720,79775,10
25046,地狼披风,104,5792,80825,10
25046,地狼披风,105,5864,81875,10
25046,地狼披风,106,5936,82925,10
25046,地狼披风,107,6008,83975,10
25046,地狼披风,108,6080,85025,10
25046,地狼披风,109,6152,86075,10
25046,地狼披风,110,6224,87125,10
25046,地狼披风,111,6299,88227,10
25046,地狼披风,112,6374,89329,10
25046,地狼披风,113,6449,90431,10
25046,地狼披风,114,6524,91533,10
25046,地狼披风,115,6599,92635,10
25046,地狼披风,116,6674,93737,10
25046,地狼披风,117,6749,94839,10
25046,地狼披风,118,6824,95941,10
25046,地狼披风,119,6899,97043,10
25046,地狼披风,120,6974,98145,10
25047,战虎披风,1,360,1050,10
25047,战虎披风,2,396,1575,10
25047,战虎披风,3,432,2100,10
25047,战虎披风,4,468,2625,10
25047,战虎披风,5,504,3150,10
25047,战虎披风,6,540,3675,10
25047,战虎披风,7,576,4200,10
25047,战虎披风,8,612,4725,10
25047,战虎披风,9,648,5250,10
25047,战虎披风,10,684,5775,10
25047,战虎披风,11,723,6352,10
25047,战虎披风,12,762,6929,10
25047,战虎披风,13,801,7506,10
25047,战虎披风,14,840,8083,10
25047,战虎披风,15,879,8660,10
25047,战虎披风,16,918,9237,10
25047,战虎披风,17,957,9814,10
25047,战虎披风,18,996,10391,10
25047,战虎披风,19,1035,10968,10
25047,战虎披风,20,1074,11545,10
25047,战虎披风,21,1117,12175,10
25047,战虎披风,22,1160,12805,10
25047,战虎披风,23,1203,13435,10
25047,战虎披风,24,1246,14065,10
25047,战虎披风,25,1289,14695,10
25047,战虎披风,26,1332,15325,10
25047,战虎披风,27,1375,15955,10
25047,战虎披风,28,1418,16585,10
25047,战虎披风,29,1461,17215,10
25047,战虎披风,30,1504,17845,10
25047,战虎披风,31,1550,18527,10
25047,战虎披风,32,1596,19209,10
25047,战虎披风,33,1642,19891,10
25047,战虎披风,34,1688,20573,10
25047,战虎披风,35,1734,21255,10
25047,战虎披风,36,1780,21937,10
25047,战虎披风,37,1826,22619,10
25047,战虎披风,38,1872,23301,10
25047,战虎披风,39,1918,23983,10
25047,战虎披风,40,1964,24665,10
25047,战虎披风,41,2014,25400,10
25047,战虎披风,42,2064,26135,10
25047,战虎披风,43,2114,26870,10
25047,战虎披风,44,2164,27605,10
25047,战虎披风,45,2214,28340,10
25047,战虎披风,46,2264,29075,10
25047,战虎披风,47,2314,29810,10
25047,战虎披风,48,2364,30545,10
25047,战虎披风,49,2414,31280,10
25047,战虎披风,50,2464,32015,10
25047,战虎披风,51,2518,32802,10
25047,战虎披风,52,2572,33589,10
25047,战虎披风,53,2626,34376,10
25047,战虎披风,54,2680,35163,10
25047,战虎披风,55,2734,35950,10
25047,战虎披风,56,2788,36737,10
25047,战虎披风,57,2842,37524,10
25047,战虎披风,58,2896,38311,10
25047,战虎披风,59,2950,39098,10
25047,战虎披风,60,3004,39885,10
25047,战虎披风,61,3061,40725,10
25047,战虎披风,62,3118,41565,10
25047,战虎披风,63,3175,42405,10
25047,战虎披风,64,3232,43245,10
25047,战虎披风,65,3289,44085,10
25047,战虎披风,66,3346,44925,10
25047,战虎披风,67,3403,45765,10
25047,战虎披风,68,3460,46605,10
25047,战虎披风,69,3517,47445,10
25047,战虎披风,70,3574,48285,10
25047,战虎披风,71,3635,49177,10
25047,战虎披风,72,3696,50069,10
25047,战虎披风,73,3757,50961,10
25047,战虎披风,74,3818,51853,10
25047,战虎披风,75,3879,52745,10
25047,战虎披风,76,3940,53637,10
25047,战虎披风,77,4001,54529,10
25047,战虎披风,78,4062,55421,10
25047,战虎披风,79,4123,56313,10
25047,战虎披风,80,4184,57205,10
25047,战虎披风,81,4248,58150,10
25047,战虎披风,82,4312,59095,10
25047,战虎披风,83,4376,60040,10
25047,战虎披风,84,4440,60985,10
25047,战虎披风,85,4504,61930,10
25047,战虎披风,86,4568,62875,10
25047,战虎披风,87,4632,63820,10
25047,战虎披风,88,4696,64765,10
25047,战虎披风,89,4760,65710,10
25047,战虎披风,90,4824,66655,10
25047,战虎披风,91,4892,67652,10
25047,战虎披风,92,4960,68649,10
25047,战虎披风,93,5028,69646,10
25047,战虎披风,94,5096,70643,10
25047,战虎披风,95,5164,71640,10
25047,战虎披风,96,5232,72637,10
25047,战虎披风,97,5300,73634,10
25047,战虎披风,98,5368,74631,10
25047,战虎披风,99,5436,75628,10
25047,战虎披风,100,5504,76625,10
25047,战虎披风,101,5576,77675,10
25047,战虎披风,102,5648,78725,10
25047,战虎披风,103,5720,79775,10
25047,战虎披风,104,5792,80825,10
25047,战虎披风,105,5864,81875,10
25047,战虎披风,106,5936,82925,10
25047,战虎披风,107,6008,83975,10
25047,战虎披风,108,6080,85025,10
25047,战虎披风,109,6152,86075,10
25047,战虎披风,110,6224,87125,10
25047,战虎披风,111,6299,88227,10
25047,战虎披风,112,6374,89329,10
25047,战虎披风,113,6449,90431,10
25047,战虎披风,114,6524,91533,10
25047,战虎披风,115,6599,92635,10
25047,战虎披风,116,6674,93737,10
25047,战虎披风,117,6749,94839,10
25047,战虎披风,118,6824,95941,10
25047,战虎披风,119,6899,97043,10
25047,战虎披风,120,6974,98145,10
25048,天龙披风,1,750,1650,10
25048,天龙披风,2,825,2475,10
25048,天龙披风,3,900,3300,10
25048,天龙披风,4,975,4125,10
25048,天龙披风,5,1050,4950,10
25048,天龙披风,6,1125,5775,10
25048,天龙披风,7,1200,6600,10
25048,天龙披风,8,1275,7425,10
25048,天龙披风,9,1350,8250,10
25048,天龙披风,10,1425,9075,10
25048,天龙披风,11,1507,9982,10
25048,天龙披风,12,1589,10889,10
25048,天龙披风,13,1671,11796,10
25048,天龙披风,14,1753,12703,10
25048,天龙披风,15,1835,13610,10
25048,天龙披风,16,1917,14517,10
25048,天龙披风,17,1999,15424,10
25048,天龙披风,18,2081,16331,10
25048,天龙披风,19,2163,17238,10
25048,天龙披风,20,2245,18145,10
25048,天龙披风,21,2335,19135,10
25048,天龙披风,22,2425,20125,10
25048,天龙披风,23,2515,21115,10
25048,天龙披风,24,2605,22105,10
25048,天龙披风,25,2695,23095,10
25048,天龙披风,26,2785,24085,10
25048,天龙披风,27,2875,25075,10
25048,天龙披风,28,2965,26065,10
25048,天龙披风,29,3055,27055,10
25048,天龙披风,30,3145,28045,10
25048,天龙披风,31,3242,29117,10
25048,天龙披风,32,3339,30189,10
25048,天龙披风,33,3436,31261,10
25048,天龙披风,34,3533,32333,10
25048,天龙披风,35,3630,33405,10
25048,天龙披风,36,3727,34477,10
25048,天龙披风,37,3824,35549,10
25048,天龙披风,38,3921,36621,10
25048,天龙披风,39,4018,37693,10
25048,天龙披风,40,4115,38765,10
25048,天龙披风,41,4220,39920,10
25048,天龙披风,42,4325,41075,10
25048,天龙披风,43,4430,42230,10
25048,天龙披风,44,4535,43385,10
25048,天龙披风,45,4640,44540,10
25048,天龙披风,46,4745,45695,10
25048,天龙披风,47,4850,46850,10
25048,天龙披风,48,4955,48005,10
25048,天龙披风,49,5060,49160,10
25048,天龙披风,50,5165,50315,10
25048,天龙披风,51,5277,51552,10
25048,天龙披风,52,5389,52789,10
25048,天龙披风,53,5501,54026,10
25048,天龙披风,54,5613,55263,10
25048,天龙披风,55,5725,56500,10
25048,天龙披风,56,5837,57737,10
25048,天龙披风,57,5949,58974,10
25048,天龙披风,58,6061,60211,10
25048,天龙披风,59,6173,61448,10
25048,天龙披风,60,6285,62685,10
25048,天龙披风,61,6405,64005,10
25048,天龙披风,62,6525,65325,10
25048,天龙披风,63,6645,66645,10
25048,天龙披风,64,6765,67965,10
25048,天龙披风,65,6885,69285,10
25048,天龙披风,66,7005,70605,10
25048,天龙披风,67,7125,71925,10
25048,天龙披风,68,7245,73245,10
25048,天龙披风,69,7365,74565,10
25048,天龙披风,70,7485,75885,10
25048,天龙披风,71,7612,77287,10
25048,天龙披风,72,7739,78689,10
25048,天龙披风,73,7866,80091,10
25048,天龙披风,74,7993,81493,10
25048,天龙披风,75,8120,82895,10
25048,天龙披风,76,8247,84297,10
25048,天龙披风,77,8374,85699,10
25048,天龙披风,78,8501,87101,10
25048,天龙披风,79,8628,88503,10
25048,天龙披风,80,8755,89905,10
25048,天龙披风,81,8890,91390,10
25048,天龙披风,82,9025,92875,10
25048,天龙披风,83,9160,94360,10
25048,天龙披风,84,9295,95845,10
25048,天龙披风,85,9430,97330,10
25048,天龙披风,86,9565,98815,10
25048,天龙披风,87,9700,100300,10
25048,天龙披风,88,9835,101785,10
25048,天龙披风,89,9970,103270,10
25048,天龙披风,90,10105,104755,10
25048,天龙披风,91,10247,106322,10
25048,天龙披风,92,10389,107889,10
25048,天龙披风,93,10531,109456,10
25048,天龙披风,94,10673,111023,10
25048,天龙披风,95,10815,112590,10
25048,天龙披风,96,10957,114157,10
25048,天龙披风,97,11099,115724,10
25048,天龙披风,98,11241,117291,10
25048,天龙披风,99,11383,118858,10
25048,天龙披风,100,11525,120425,10
25048,天龙披风,101,11675,122075,10
25048,天龙披风,102,11825,123725,10
25048,天龙披风,103,11975,125375,10
25048,天龙披风,104,12125,127025,10
25048,天龙披风,105,12275,128675,10
25048,天龙披风,106,12425,130325,10
25048,天龙披风,107,12575,131975,10
25048,天龙披风,108,12725,133625,10
25048,天龙披风,109,12875,135275,10
25048,天龙披风,110,13025,136925,10
25048,天龙披风,111,13182,138657,10
25048,天龙披风,112,13339,140389,10
25048,天龙披风,113,13496,142121,10
25048,天龙披风,114,13653,143853,10
25048,天龙披风,115,13810,145585,10
25048,天龙披风,116,13967,147317,10
25048,天龙披风,117,14124,149049,10
25048,天龙披风,118,14281,150781,10
25048,天龙披风,119,14438,152513,10
25048,天龙披风,120,14595,154245,10
25049,战神披风,1,1350,2700,10
25049,战神披风,2,1485,4050,10
25049,战神披风,3,1620,5400,10
25049,战神披风,4,1755,6750,10
25049,战神披风,5,1890,8100,10
25049,战神披风,6,2025,9450,10
25049,战神披风,7,2160,10800,10
25049,战神披风,8,2295,12150,10
25049,战神披风,9,2430,13500,10
25049,战神披风,10,2565,14850,10
25049,战神披风,11,2713,16335,10
25049,战神披风,12,2861,17820,10
25049,战神披风,13,3009,19305,10
25049,战神披风,14,3157,20790,10
25049,战神披风,15,3305,22275,10
25049,战神披风,16,3453,23760,10
25049,战神披风,17,3601,25245,10
25049,战神披风,18,3749,26730,10
25049,战神披风,19,3897,28215,10
25049,战神披风,20,4045,29700,10
25049,战神披风,21,4207,31320,10
25049,战神披风,22,4369,32940,10
25049,战神披风,23,4531,34560,10
25049,战神披风,24,4693,36180,10
25049,战神披风,25,4855,37800,10
25049,战神披风,26,5017,39420,10
25049,战神披风,27,5179,41040,10
25049,战神披风,28,5341,42660,10
25049,战神披风,29,5503,44280,10
25049,战神披风,30,5665,45900,10
25049,战神披风,31,5840,47655,10
25049,战神披风,32,6015,49410,10
25049,战神披风,33,6190,51165,10
25049,战神披风,34,6365,52920,10
25049,战神披风,35,6540,54675,10
25049,战神披风,36,6715,56430,10
25049,战神披风,37,6890,58185,10
25049,战神披风,38,7065,59940,10
25049,战神披风,39,7240,61695,10
25049,战神披风,40,7415,63450,10
25049,战神披风,41,7604,65340,10
25049,战神披风,42,7793,67230,10
25049,战神披风,43,7982,69120,10
25049,战神披风,44,8171,71010,10
25049,战神披风,45,8360,72900,10
25049,战神披风,46,8549,74790,10
25049,战神披风,47,8738,76680,10
25049,战神披风,48,8927,78570,10
25049,战神披风,49,9116,80460,10
25049,战神披风,50,9305,82350,10
25049,战神披风,51,9507,84375,10
25049,战神披风,52,9709,86400,10
25049,战神披风,53,9911,88425,10
25049,战神披风,54,10113,90450,10
25049,战神披风,55,10315,92475,10
25049,战神披风,56,10517,94500,10
25049,战神披风,57,10719,96525,10
25049,战神披风,58,10921,98550,10
25049,战神披风,59,11123,100575,10
25049,战神披风,60,11325,102600,10
25049,战神披风,61,11541,104760,10
25049,战神披风,62,11757,106920,10
25049,战神披风,63,11973,109080,10
25049,战神披风,64,12189,111240,10
25049,战神披风,65,12405,113400,10
25049,战神披风,66,12621,115560,10
25049,战神披风,67,12837,117720,10
25049,战神披风,68,13053,119880,10
25049,战神披风,69,13269,122040,10
25049,战神披风,70,13485,124200,10
25049,战神披风,71,13714,126495,10
25049,战神披风,72,13943,128790,10
25049,战神披风,73,14172,131085,10
25049,战神披风,74,14401,133380,10
25049,战神披风,75,14630,135675,10
25049,战神披风,76,14859,137970,10
25049,战神披风,77,15088,140265,10
25049,战神披风,78,15317,142560,10
25049,战神披风,79,15546,144855,10
25049,战神披风,80,15775,147150,10
25049,战神披风,81,16018,149580,10
25049,战神披风,82,16261,152010,10
25049,战神披风,83,16504,154440,10
25049,战神披风,84,16747,156870,10
25049,战神披风,85,16990,159300,10
25049,战神披风,86,17233,161730,10
25049,战神披风,87,17476,164160,10
25049,战神披风,88,17719,166590,10
25049,战神披风,89,17962,169020,10
25049,战神披风,90,18205,171450,10
25049,战神披风,91,18461,174015,10
25049,战神披风,92,18717,176580,10
25049,战神披风,93,18973,179145,10
25049,战神披风,94,19229,181710,10
25049,战神披风,95,19485,184275,10
25049,战神披风,96,19741,186840,10
25049,战神披风,97,19997,189405,10
25049,战神披风,98,20253,191970,10
25049,战神披风,99,20509,194535,10
25049,战神披风,100,20765,197100,10
25049,战神披风,101,21035,199800,10
25049,战神披风,102,21305,202500,10
25049,战神披风,103,21575,205200,10
25049,战神披风,104,21845,207900,10
25049,战神披风,105,22115,210600,10
25049,战神披风,106,22385,213300,10
25049,战神披风,107,22655,216000,10
25049,战神披风,108,22925,218700,10
25049,战神披风,109,23195,221400,10
25049,战神披风,110,23465,224100,10
25049,战神披风,111,23748,226935,10
25049,战神披风,112,24031,229770,10
25049,战神披风,113,24314,232605,10
25049,战神披风,114,24597,235440,10
25049,战神披风,115,24880,238275,10
25049,战神披风,116,25163,241110,10
25049,战神披风,117,25446,243945,10
25049,战神披风,118,25729,246780,10
25049,战神披风,119,26012,249615,10
25049,战神披风,120,26295,252450,10
